customer_id,customer_name,total_sales,total_profit
DB-57829-64154,Donna Brewer,349.0,57.0
BJ-56987-29622,Beverly Jones,358.0,65.0
KD-28448-45562,Kimberly Dodson,379.0,91.0
ED-12373-82298,Edward Doyle,2271.0,348.0
DV-46212-27560,Darin Valencia,867.0,151.0
CH-32442-35450,Casey Herman,472.0,112.0
BB-64892-13633,Brandon Blackburn,456.0,137.0
PS-72951-30172,Pamela Stone,1170.0,189.0
MF-39319-82845,Michael Flores,838.0,154.0
JT-42134-96274,Joel Thomas,513.0,87.0
RM-70820-79637,Rebecca Mcdaniel,1858.0,445.0
MS-11006-94676,Matthew Stevens,446.0,75.0
CL-81193-44195,Christopher Lee,8259.0,1584.0
CT-45987-67830,Crystal Terry,753.0,99.0
RC-70441-91837,Robert Calhoun,5269.0,1199.0
NF-23406-80871,Nancy Fuentes,622.0,83.0
BH-49635-73022,Brian Howell,776.0,143.0
KH-18226-63910,Kristine Herrera,157.0,22.0
RG-14536-48603,Rebecca Gibson,11808.0,1773.0
JS-22259-70978,James Smith,2959.0,528.0
JJ-74882-98412,James Harrison Jr.,1007.0,98.0
JB-29587-86247,Jessica Barker,2650.0,283.0
AC-92212-20344,Alexander Cantu,880.0,205.0
YS-24512-85290,Yvette Sexton,209.0,32.0
MM-85074-56821,Michael Morales,10421.0,1796.0
LN-44901-94954,Leslie Newman,533.0,53.0
JM-55566-16293,Jennifer Miles,2346.0,381.0
TO-45982-32016,Theresa Ochoa,818.0,133.0
KL-44710-57007,Kelly Levine,361.0,101.0
DS-77782-18716,Daisy Stuart,961.0,206.0
CB-33747-71413,Christian Butler,595.0,138.0
SS-81250-27086,Stephanie Shields,1005.0,171.0
SL-69115-88911,Susan Lewis,560.0,110.0
AJ-66273-79774,Amanda Jones,1583.0,308.0
TM-25796-23104,Traci Marshall,559.0,57.0
EC-58875-73328,Ethan Clark,800.0,143.0
TB-32380-76912,Teresa Bailey,292.0,85.0
SK-21467-84842,Sarah Kim,17205.0,3337.0
CM-51203-89207,Christine Mills,625.0,122.0
MS-69284-55473,Michael Smith,439.0,30.0
AK-91325-95545,Ashley Khan,934.0,80.0
BD-37025-54233,Benjamin Davidson,319.0,65.0
SR-36417-40314,Sean Rice,1380.0,235.0
KP-28356-17271,Kyle Peters,1406.0,306.0
MG-51458-37665,Michael Green,425.0,58.0
TB-42883-52200,Tabitha Barton,7806.0,1326.0
RP-57631-99201,Robert Parsons,1018.0,215.0
RB-49845-93017,Robert Boyer,159.0,13.0
MC-37547-96924,Michele Cowan,1064.0,158.0
ME-23369-48553,Michael Ellis,11014.0,2077.0
WR-93340-86117,William Rogers,517.0,73.0
CH-12788-86183,Christopher Horton,245.0,67.0
ZG-44161-24534,Zachary Gordon,1678.0,245.0
SV-94416-53609,Sharon Valencia,6825.0,1263.0
CM-75611-76313,Cody Mccarty,3671.0,551.0
JR-15930-67752,Jerry Rogers,853.0,125.0
MB-87729-75766,Mary Bishop,659.0,74.0
AT-58661-49517,Adam Torres,832.0,135.0
JF-73909-13496,Joe Fitzgerald,5512.0,1050.0
JW-57756-14751,Jeffrey Weaver,1403.0,339.0
MS-31933-53098,Mary Smith,498.0,111.0
DW-55094-45804,Daniel Walters,496.0,63.0
JA-78297-63842,John Armstrong,34882.0,4949.0
MW-37352-98336,Michelle Warner,7754.0,1383.0
LM-28022-81072,Linda Morgan,220.0,25.0
AT-54549-97567,Alyssa Torres,490.0,91.0
ES-69744-50669,Emily Stevens,215.0,11.0
RS-49071-72388,Rachel Scott,861.0,229.0
AM-46989-97846,Adam Montes,744.0,166.0
LN-92505-16807,Lauren Nunez,466.0,65.0
KA-12321-85020,Kelsey Alvarez,8984.0,1479.0
TP-14880-15992,Thomas Preston,945.0,114.0
BP-43799-35050,Brandon Pearson,631.0,131.0
CB-45650-90192,Caleb Brown,16601.0,2635.0
BP-15713-96010,Barry Peterson,482.0,67.0
KM-35411-33776,Kayla Herrera MD,698.0,97.0
KS-25359-73575,Kimberly Snow,1009.0,207.0
MW-71045-98555,Miguel Warren,82.0,18.0
RP-14493-72888,Rebecca Parsons,918.0,213.0
SM-76615-60431,Scott Madden,397.0,32.0
JW-81114-36478,Jennifer Wood,1347.0,203.0
CB-72898-85515,Christopher Berg,638.0,107.0
CC-13161-67759,Chelsea Cummings,1202.0,133.0
MS-75137-58548,Mikayla Stewart,2060.0,339.0
MB-71527-78278,Michael Blankenship,314.0,75.0
DT-23677-17020,David Taylor,348.0,33.0
RB-29998-10654,Robert Banks,2768.0,565.0
WJ-28533-77658,William Johnson,6452.0,977.0
MS-55111-36721,Matthew Stewart,2026.0,563.0
ME-23508-47231,Mario Edwards,2834.0,510.0
OP-25186-61143,Olivia Parker,532.0,49.0
PT-46002-82453,Patrick Trujillo,7344.0,1082.0
AD-44030-53091,Ann Davis,1307.0,227.0
AM-78939-45662,Antonio Moon,833.0,196.0
TW-83103-47417,Tiffany Walker,720.0,99.0
LJ-65939-27657,Lauren Johnson,664.0,127.0
CS-94747-17513,Clifford Shelton,1070.0,185.0
AK-17142-31409,Autumn Kidd,1011.0,217.0
KW-11220-22007,Kimberly Wood,10479.0,2094.0
AK-38890-63409,Anthony Kennedy,1092.0,224.0
LM-75273-97363,Lisa Mcdowell,870.0,105.0
AS-42763-50934,Amy Smith,487.0,26.0
AG-45203-28418,Amber Gilmore,659.0,179.0
ML-31943-57359,Misty Lewis,1546.0,366.0
DR-40452-57934,Darlene Ruiz,2247.0,549.0
MP-42517-84306,Ms. Wendy Curtis PhD,717.0,126.0
MR-29786-21570,Michael Ramos,662.0,118.0
MA-67620-37912,Melissa Anthony,118.0,28.0
DD-96787-50362,Douglas Wilson DVM,158.0,44.0
HD-79463-70784,Haley Dean,1611.0,218.0
TS-42352-21445,Troy Santos,5878.0,1150.0
CS-10738-73215,Christopher Smith,407.0,75.0
KB-46533-60946,Kristin Boyd,158.0,43.0
TO-22401-56255,Tyler Oneill,895.0,148.0
AK-55910-19130,Amy Kirby,296.0,19.0
PK-43201-31473,Peter Kelly,616.0,133.0
EE-48079-66019,Eric Elliott,23442.0,5162.0
KB-67302-73016,Kaitlin Bowen,1146.0,138.0
SL-85121-44129,Steven Lewis,611.0,141.0
AS-80405-23001,Ashley Stewart,439.0,77.0
RO-57906-50542,Ryan Osborn,270.0,51.0
JS-23768-80176,Jessica Smith,79.0,10.0
DR-34921-68310,Daniel Rojas,2232.0,187.0
JH-85586-71448,Jeffrey Harris,594.0,140.0
JW-97772-87535,Joyce Wood,7056.0,1048.0
MN-17213-95880,Mark Nicholson,12637.0,2514.0
BN-18825-89436,Brittany Navarro,2301.0,210.0
PW-47014-35254,Paula Whitehead,12703.0,2298.0
DD-63396-28687,Daniel Davis,484.0,121.0
MB-35269-49589,Mrs. Ann Blankenship,101.0,26.0
ND-77158-78338,Nicole Diaz,8300.0,1236.0
AC-89800-83948,Amanda Cole,356.0,25.0
LM-47878-66487,Lisa Mills,201.0,41.0
DC-33786-66229,Dr. Mark Cox,1578.0,192.0
TR-74475-72185,Tamara Roberts,1839.0,319.0
WR-42241-51692,William Rogers,90.0,9.0
WB-16041-52646,Wesley Bass,345.0,38.0
AT-47125-26941,Anna Turner,502.0,116.0
ST-59856-39341,Scott Tucker,1638.0,355.0
RB-27928-14771,Ryan Buck,1170.0,176.0
MS-13228-23124,Meredith Smith,16130.0,3043.0
JC-75405-44592,James Cox,177.0,40.0
MB-55827-99034,Mark Barnett,721.0,111.0
KH-80416-67057,Kenneth Huang,777.0,107.0
SP-49860-63496,Susan Davis PhD,645.0,84.0
VM-55349-22133,Veronica Miller,57.0,5.0
NR-10786-93366,Nicholas Rose,2424.0,453.0
MG-41855-49245,Miss Angel Gardner,689.0,107.0
LP-61405-25513,Laura Parks,625.0,116.0
RJ-71638-71448,Roy Jones,1737.0,104.0
MK-25525-91274,Micheal Keller,1023.0,111.0
MC-55337-94701,Michael Choi,1419.0,229.0
BC-44335-79401,Bruce Cervantes,722.0,71.0
MM-59443-78887,Mr. David Mccoy,825.0,238.0
TC-26855-44815,Todd Carr,334.0,84.0
ST-16866-43501,Sherry Taylor,9725.0,1472.0
DS-64028-64338,Dustin Sharp,834.0,133.0
BN-93645-22737,Brianna Nelson,1013.0,59.0
JS-73715-13167,Julie Smith,803.0,136.0
AS-89167-45583,Anthony Simmons,1185.0,232.0
SM-50471-45274,Stephen Mendoza,491.0,38.0
EP-36832-63263,Elizabeth Phillips,158.0,21.0
BW-91612-69279,Benjamin Wallace,460.0,52.0
TA-52305-75535,Tammy Anderson,912.0,173.0
CM-91518-82055,Catherine Mitchell,1496.0,154.0
JA-72737-43360,Jonathan Armstrong,855.0,197.0
JW-15481-24046,Jeffrey Wang,368.0,66.0
WS-73528-41911,William Smith,250.0,63.0
AS-63474-90282,Abigail Steele,757.0,131.0
DJ-56916-17159,Dr. Jose Shepard Jr.,1586.0,246.0
HB-67235-26109,Herbert Banks,887.0,100.0
MR-75804-85309,Michael Reed,4689.0,819.0
CB-76969-16769,Cody Brown,2373.0,408.0
AC-25623-62811,Aaron Carroll,7358.0,1380.0
BM-29219-10921,Bobby Miller,1454.0,303.0
JS-17242-20093,Jenny Shepherd,2552.0,379.0
JM-24743-25192,Joseph Martin,389.0,43.0
SH-86389-86978,Shane Holloway,644.0,83.0
LM-75679-92913,Leah Wilson MD,599.0,86.0
MS-39437-75592,Melissa Schultz,1329.0,269.0
SL-56662-92317,Susan Lopez,20544.0,2908.0
NO-72785-32579,Nancy Owens,1355.0,185.0
KL-36710-10587,Kevin Levy,216.0,54.0
RC-14470-15682,Renee Cox,759.0,128.0
AJ-67879-85253,Amanda Jones,304.0,39.0
SC-25734-34208,Shelley Crawford,336.0,54.0
JN-60679-93955,Joseph Nelson,161.0,20.0
MO-14389-25039,Michelle Ortega,435.0,25.0
BS-53040-18605,Brenda Smith,789.0,152.0
DM-33665-25511,Daniel Moon,145.0,28.0
GE-47792-43975,Gloria Edwards,1070.0,83.0
CB-47706-87175,Carl Bullock,528.0,73.0
HD-35197-10351,Haley Dickson,874.0,136.0
AR-53498-98381,Ariana Robinson,18964.0,3205.0
DM-20124-73877,Dave Moore,1439.0,251.0
AM-56504-28001,Andrea Mcdonald,230.0,50.0
KC-64175-84256,Kyle Carpenter,2394.0,502.0
SS-43907-55368,Shannon Snow,1361.0,170.0
SB-68729-57580,Stacey Best,657.0,92.0
TJ-51317-35028,Thomas Jacobs,964.0,149.0
RH-75450-94179,Renee Hunt,793.0,163.0
DG-65576-80437,Donna Green,103.0,27.0
KS-66673-46289,Kevin Sanders,364.0,77.0
CR-88191-60541,Cheryl Reynolds,841.0,151.0
GW-53652-74411,Gabriel Wilson,2702.0,378.0
RD-69459-15641,Ronald Davis,1711.0,421.0
NH-87372-28492,Nicholas Hoffman,1944.0,379.0
WG-22367-27915,Wendy Graves,310.0,38.0
LP-84040-63960,Luis Morris PhD,7958.0,1104.0
JW-70848-28559,Jeffery White,768.0,143.0
BH-68054-22889,Brittany Henson,274.0,45.0
JM-70920-64134,John Miller,10337.0,1892.0
BT-81481-82429,Bryce Thompson,892.0,116.0
MS-16797-73485,Michael Sanchez,464.0,138.0
JA-43190-97446,Joshua Adams,272.0,69.0
KH-57469-14202,Kevin Horne,657.0,124.0
MB-60505-82449,Michael Boyer,2177.0,414.0
DW-53742-65650,Deborah Williams,75.0,8.0
DF-99933-26096,Donald Francis,7952.0,1178.0
MO-22077-17596,Michael Olson,1040.0,226.0
CG-10799-58813,Christina Gray,368.0,43.0
RS-68979-90621,Robin Stone,1729.0,136.0
LT-20442-17201,Lisa Turner,550.0,75.0
BJ-12067-44846,Barbara Jones,617.0,133.0
NA-40672-76604,Nathan Aguilar,7760.0,1441.0
TC-39965-52437,Tina Clark,356.0,60.0
MJ-45578-48545,Micheal James,1507.0,214.0
IG-55488-54943,Isaiah Gaines,9720.0,1404.0
NC-86650-17751,Nathaniel Carlson,529.0,51.0
TC-28155-94620,Tyler Cobb,461.0,26.0
ML-72432-64530,Michael Larson,811.0,74.0
RL-91242-99173,Robert Lewis,1215.0,267.0
DR-42012-28239,Daniel Rangel,289.0,75.0
TR-40832-93345,Taylor Rodriguez,835.0,151.0
VK-78424-17286,Valerie Kelly,9208.0,1700.0
RC-70281-72417,Ronald Clements,590.0,106.0
MR-16528-33633,Mr. John Reed,1048.0,181.0
EH-61426-49946,Erica Hamilton,862.0,94.0
SS-36229-24136,Stephanie Schultz,210.0,54.0
AC-54149-50408,Ashley Carson,1245.0,200.0
JB-13581-94838,Julie Booker,1192.0,205.0
KW-62272-87798,Krystal Walter,9038.0,1688.0
MC-27703-30601,Micheal Carter,94.0,11.0
AM-46664-11680,Aimee Mitchell,2067.0,263.0
LC-73537-15871,Lucas Carter,447.0,24.0
JR-76284-40467,Juan Robinson,1286.0,315.0
RP-71559-18690,Rachel Pena,884.0,77.0
MF-65245-58915,Mark Frey,340.0,32.0
WM-30991-87083,William Leonard MD,618.0,96.0
NG-65849-35585,Nathan Graham,2817.0,460.0
RG-45726-31895,Raymond Goodwin,197.0,51.0
LB-41163-92649,Lance Boone,476.0,54.0
TM-61267-40346,Terri Mcdowell,332.0,46.0
HO-64301-17382,Heather Orozco,894.0,154.0
DP-61769-54621,Dana Perez,719.0,98.0
AW-80697-38077,Amanda Washington,2366.0,394.0
MV-90617-78562,Mark Vang,843.0,200.0
BW-83943-69422,Brian Williamson,1646.0,247.0
BC-24402-64854,Brian Castillo,424.0,115.0
LR-84101-33249,Levi Ruiz,7119.0,1121.0
JO-25430-61967,Jessica Oconnell,487.0,35.0
BA-15075-21462,Brandy Allen,15369.0,2785.0
MC-87955-53367,Michael Cox,485.0,131.0
MM-82254-51249,Michael Moore,804.0,175.0
AK-26342-49926,Andrew Kramer,1345.0,166.0
PA-52983-12821,Patrick Andrews,696.0,127.0
SH-70042-99545,Stacey Hardin,928.0,147.0
CH-51628-41683,Crystal Harrison,392.0,34.0
LD-93554-37785,Lori Blankenship DDS,20972.0,4209.0
MT-17331-56535,Mary Torres,76.0,19.0
RB-43627-58709,Raymond Bender,350.0,61.0
SM-67713-44414,Sherry Mullins,660.0,124.0
AL-57988-35523,Alison Lowe,11072.0,2127.0
KW-34403-17526,Kimberly Ware,663.0,101.0
ER-66058-50449,Edward Ramos,291.0,44.0
KM-37143-27592,Kim Mccall,260.0,35.0
TM-85457-60111,Thomas Myers,164.0,44.0
DS-73410-42450,Diana Stephenson,733.0,109.0
MF-82644-17897,Mark Fleming,373.0,91.0
FV-65640-20645,Franklin Vasquez,285.0,26.0
AS-30874-16616,April Santana,339.0,69.0
CM-72236-30040,Courtney Mclean,327.0,93.0
SP-21676-46275,Scott Patterson,493.0,47.0
AT-26998-94285,Angela Taylor,2406.0,473.0
CS-95649-35664,Caitlin Stewart,1428.0,179.0
RF-33824-35135,Robert Flores,472.0,126.0
JW-87384-95633,Jonathan Woods,1035.0,92.0
AJ-72363-47796,April Jackson,818.0,144.0
JT-72506-93801,Joel Thomas,770.0,96.0
BB-47039-30356,Brenda Barron,1897.0,328.0
KW-38136-31581,Karen Woods,1382.0,230.0
JS-23194-97127,Joe Sutton,6841.0,1019.0
JP-52646-62034,John Park,3113.0,296.0
BW-28991-19325,Barbara Wagner,1622.0,333.0
AS-73672-78503,Anthony Sullivan,129.0,12.0
CW-97179-76305,Christopher Ward,929.0,156.0
GC-27009-46942,Gary Cole,920.0,210.0
AW-39121-74140,Amy Williams,92.0,10.0
GB-79453-65184,Gary Burke,3306.0,686.0
JB-31649-39150,John Bishop,721.0,166.0
SB-48526-36609,Steven Barnes,205.0,59.0
TG-87706-19063,Tiffany Gonzalez,23357.0,2845.0
CG-76366-42669,Cynthia Grimes,1368.0,291.0
AW-54192-13474,Andrew Willis,291.0,50.0
RM-36976-59798,Russell Massey,1063.0,170.0
AP-26573-84196,Austin Perkins,11969.0,2504.0
MM-62824-26339,Mr. David Martinez,10164.0,1680.0
DN-19853-48335,Derek Newman,365.0,70.0
DS-80324-57753,David Small,242.0,54.0
MM-96380-98086,Michael Murray,26043.0,4611.0
BM-59857-66936,Benjamin Martin,640.0,76.0
DA-79281-32920,Deborah Alexander,139.0,11.0
MG-31048-66805,Morgan Green,1511.0,178.0
MN-49235-54731,Melvin Neal,2067.0,304.0
BH-69863-59556,Brandi Hill,12038.0,2339.0
CS-85204-51859,Courtney Sanford,609.0,116.0
MM-29805-92006,Michael Miller,70.0,20.0
PS-69308-67026,Paula Stephens,451.0,105.0
KC-82567-25897,Kevin Cooley,249.0,44.0
CD-36500-19760,Cheryl Harris DDS,1186.0,210.0
AF-65018-72721,Aaron Franklin,3195.0,569.0
LR-56652-56872,Lisa Reed,468.0,98.0
KT-98297-55288,Kathryn Todd,251.0,38.0
MB-54671-98889,Morgan Baird,596.0,86.0
MH-16613-90661,Matthew Hill,123.0,18.0
DJ-40539-46795,David Johnson,934.0,205.0
AJ-45246-46637,Alicia Jordan,409.0,117.0
CE-17880-95702,Clayton Edwards,457.0,77.0
MV-28787-20899,Mark Vazquez,722.0,111.0
NR-26608-28995,Nicholas Rivera,1600.0,255.0
DD-22371-79869,Dan Decker,1355.0,154.0
JH-14621-94973,Jesse Hill,737.0,182.0
MG-27585-13569,Margaret Gonzalez,7069.0,1222.0
LS-78876-70210,Lorraine Schaefer,711.0,127.0
NR-23092-57064,Nicole Richards,12754.0,2524.0
DB-70701-98442,Donna Burton,683.0,161.0
GH-35123-76024,Garrett Hughes,919.0,198.0
TQ-33117-25699,Travis Quinn,369.0,96.0
JG-10138-58283,Jennifer Gould,1217.0,195.0
JM-13036-88342,Jennifer Martin,517.0,44.0
JW-45046-39844,Julie Wells,11529.0,2078.0
TW-12593-13078,Travis Wilson,82.0,7.0
SC-94478-71178,Stephanie Clark,8917.0,1885.0
KM-74618-16022,Kathryn Macias,8177.0,1464.0
JB-64155-28749,Jacob Benson,419.0,28.0
CT-29768-83832,Carrie Thompson,631.0,101.0
NA-81020-97647,Nicholas Avery,79.0,14.0
KH-17646-36987,Kelsey Hogan,391.0,72.0
RB-19897-90578,Rachel Brandt,851.0,137.0
AC-24212-87909,Amanda Cook,1226.0,297.0
KY-97588-33283,Kathryn Yang,989.0,119.0
BS-89709-53936,Brandon Simmons,1246.0,302.0
MA-91989-74644,Matthew Andrews,277.0,58.0
AB-96554-91754,Alex Ball,365.0,47.0
JM-54505-55912,Jamie Mills,364.0,64.0
CW-73695-75403,Christina Willis,519.0,120.0
KM-42101-63102,Kaitlyn Mcguire,224.0,29.0
AP-23016-45873,Amanda Potts,8917.0,1958.0
CM-34173-83636,Carol Marshall,140.0,11.0
JF-55788-95863,Jennifer Freeman,171.0,44.0
MF-80018-74374,Mackenzie Figueroa,9517.0,1388.0
GC-98415-34240,Gregory Collins,799.0,161.0
GW-76348-86359,Gregory Wood,1636.0,165.0
AA-34439-90237,Amy Atkinson,952.0,123.0
DL-29175-50570,Daniel Lopez,10273.0,1446.0
EL-18351-21708,Edward Lynch,377.0,112.0
RR-55707-66078,Robin Ramirez,1119.0,193.0
MD-11961-61273,Mr. Andrew Anderson DVM,626.0,127.0
WH-41973-29033,Wanda Hoover,934.0,168.0
IM-13293-79546,Isabella Munoz,789.0,147.0
KK-88778-30625,Kimberly Kaufman,196.0,37.0
RP-19171-43882,Roger Parsons,56.0,9.0
AR-97901-70274,Amanda Ramirez,691.0,140.0
CP-97114-70640,Charles Pitts,1828.0,409.0
LA-84401-92171,Lindsey Arroyo,503.0,116.0
JS-22847-95151,Joseph Smith,222.0,51.0
JC-37408-66222,Janet Collins,757.0,111.0
WD-18785-39894,William Davis,334.0,33.0
KD-65159-72038,Kathy Day,1432.0,242.0
MC-61593-57708,Mario Clark,400.0,33.0
MT-47938-60262,Michael Turner,739.0,129.0
DG-11902-61114,David Gilbert,1762.0,296.0
RM-98553-43117,Rebecca Miller,799.0,225.0
SA-69545-13700,Stacy Acosta,160.0,17.0
DC-21055-36290,Derrick Cooper,10332.0,1693.0
SR-34880-38023,Shawn Reid,244.0,35.0
IF-91089-90753,Ian Fisher,329.0,20.0
ND-65147-39200,Nicholas Cook DVM,1062.0,209.0
LR-60835-84147,Lorraine Rodriguez,581.0,104.0
MM-96506-44998,Mrs. Cathy Morgan,798.0,186.0
JS-32872-96959,Justin Stewart,6903.0,1004.0
KW-92958-84084,Kevin White,969.0,150.0
DM-44558-59697,Dustin Mayer,1495.0,354.0
BJ-81529-64800,Beth Jackson,24908.0,4991.0
EE-79059-56009,Elizabeth Espinoza,334.0,83.0
MC-43512-15840,Michael Compton,847.0,188.0
JT-13909-60190,Jesus Thompson,3255.0,362.0
DF-96146-95638,Dave Fuentes,599.0,83.0
DC-91127-87079,Deborah Clark,610.0,164.0
MZ-64218-45818,Malik Zuniga,9363.0,2400.0
JM-90765-66356,Justin Morales,621.0,120.0
NP-41800-68435,Nancy Parker,275.0,32.0
KY-96416-42381,Katherine Young,849.0,159.0
DB-79764-84208,Denise Baxter,273.0,72.0
JR-10983-78692,John Russell,562.0,77.0
GT-92346-21175,Grant Taylor,658.0,150.0
JL-99544-95071,Jamie Lyons,185.0,46.0
KH-76554-35209,Keith Hogan,13956.0,2218.0
MG-81494-83942,Matthew Gordon,1310.0,155.0
MR-97598-62269,Mrs. Jessica Russell,1617.0,152.0
DT-85651-87141,Donna Thomas,702.0,115.0
EP-94165-64325,Eric Powell,522.0,115.0
WO-36983-54812,Wayne Ortiz,1514.0,199.0
RH-78059-74988,Robert Harris,1583.0,444.0
JP-20936-65720,Javier Phillips,1584.0,256.0
DB-32531-60044,David Barr,953.0,235.0
JN-49708-66049,Jessica Nelson,712.0,95.0
HB-35936-87243,Heidi Booker,5303.0,1086.0
KB-41833-56481,Karen Berger,6012.0,1073.0
EZ-61902-92682,Elizabeth Zuniga,457.0,89.0
WW-99351-40928,Wayne Williams,476.0,121.0
JP-37462-40994,Jamie Rodriguez PhD,812.0,110.0
LR-50278-38911,Lori Reyes,344.0,61.0
PM-28185-37993,Perry Moreno,9286.0,1611.0
AP-56844-79701,Amy Peters,504.0,102.0
CE-22093-70668,Clarence Espinoza,345.0,86.0
CM-46870-99587,Carolyn Marshall,246.0,42.0
TD-74064-65068,Teresa Daniels,842.0,165.0
SG-16790-17315,Stephanie Gregory,991.0,209.0
KM-95278-52968,Krystal Meyer,1551.0,161.0
EH-60622-98886,Emily Hall,495.0,137.0
JJ-79288-43791,Jeremy Johnson,446.0,95.0
JW-22730-55204,Jill Weaver,1769.0,277.0
RK-93226-88670,Robert Kennedy,296.0,61.0
NK-27587-47461,Nicole Kirby,1071.0,207.0
HB-76248-67880,Heather Baker,9342.0,1522.0
KJ-58513-53178,Katelyn Jordan,13228.0,3146.0
AP-67507-62963,Allison Peters,17422.0,3636.0
SS-21197-85863,Samuel Smith,784.0,176.0
JD-64538-17664,Jennifer Dixon,172.0,23.0
ET-85239-65708,Erica Townsend,4354.0,1111.0
NV-29997-54464,Nichole Velazquez,7112.0,1065.0
SC-69767-99009,Sara Crosby,17070.0,2754.0
JD-91977-46742,Janet Dillon,286.0,69.0
MC-43703-38526,Molly Collins,1142.0,204.0
DS-31925-30571,David Simmons,447.0,80.0
CH-54143-53840,Carlos Hines,1626.0,371.0
NT-65824-49870,Nathan Taylor,6086.0,1056.0
ST-97715-15678,Summer Taylor,977.0,119.0
BJ-95057-87734,Brett Gallegos Jr.,490.0,46.0
DJ-65955-15394,Danielle Jones,434.0,57.0
DM-21099-44503,Daniel Mcdonald,15417.0,3039.0
MM-83931-61141,Matthew Mata,511.0,78.0
JS-76496-47928,Juan Smith,552.0,133.0
CL-82368-45831,Cameron Lin,1065.0,177.0
CR-65934-14800,Cody Russo,841.0,55.0
RS-87178-95695,Randy Salazar,620.0,103.0
DD-60642-89317,Dawn Daniels,1674.0,328.0
JB-53449-54391,Jennifer Booth,886.0,162.0
DF-70742-20466,Dr. Gerald Freeman,16959.0,2733.0
JT-46824-30506,John Taylor,831.0,127.0
DS-16296-39340,Danielle Sanchez,1351.0,303.0
RS-69934-25026,Robert Smith,9044.0,1711.0
TS-58669-49767,Toni Scott,7362.0,1389.0
TB-34445-77425,Tommy Benton,371.0,73.0
SH-47275-18032,Samuel Heath,709.0,110.0
MH-46237-49213,Matthew Hernandez,2010.0,335.0
DG-54389-81102,Daniel Gomez,6000.0,879.0
RP-92273-67157,Robert Todd PhD,755.0,107.0
JC-27494-42778,Justin Clark,1068.0,272.0
JW-73454-46812,Joshua Williams,284.0,52.0
MS-44018-68880,Melissa Sullivan,1076.0,276.0
JE-53294-94653,James English,854.0,215.0
DB-82993-85853,Daniel Baker,9656.0,1693.0
KH-78606-80013,Kristen Hernandez,996.0,189.0
PY-10788-31781,Patricia Yang,1503.0,243.0
HT-23883-96761,Heather Trevino,318.0,18.0
KP-13804-84733,Kevin Perkins,275.0,16.0
AM-52098-87939,Amy Martinez,490.0,74.0
EH-58867-50833,Erik Harmon,1233.0,232.0
GS-26973-95399,Geoffrey Shepard,787.0,216.0
LG-63018-46632,Laura Garcia,686.0,57.0
MP-32991-23011,Michael Gonzalez PhD,1831.0,240.0
CB-16535-70048,Caitlin Blake,7313.0,1301.0
SM-60050-23840,Sarah Miller,14715.0,1565.0
AS-95408-88848,Alexander Smith,10710.0,1869.0
RF-97998-53395,Richard Ferrell,897.0,139.0
HK-61578-41920,Heather Kirby,15234.0,1539.0
PM-14204-25732,Peter Russell MD,107.0,23.0
JR-16180-46310,Joshua Ramirez,52.0,3.0
KS-75617-81803,Krista Smith,8113.0,1421.0
DJ-91404-33555,David Jones,870.0,202.0
CH-83240-15445,Cameron Hodge,2851.0,195.0
MP-45568-28630,Michael Pruitt,919.0,142.0
AT-12267-81542,Andrew Thompson,958.0,171.0
EZ-67932-19046,Elizabeth Zuniga,455.0,63.0
JM-38583-95138,Jennifer Mullins,112.0,21.0
RB-71784-47221,Richard Bean,7612.0,1202.0
RS-40334-47032,Renee Stout,1522.0,230.0
AH-85602-10782,Aaron Huff,367.0,35.0
CR-41161-43746,Christopher Richard,17177.0,3157.0
GB-20695-81849,George Bartlett,1192.0,258.0
GR-29083-91341,Gavin Rivas,6101.0,912.0
SG-54140-54058,Samuel Gilbert,1036.0,169.0
CB-17215-49965,Cheryl Bell,1132.0,189.0
BB-22880-72611,Brandon Brewer,193.0,20.0
MP-62334-13637,Melanie Pena,186.0,34.0
WH-77678-97977,Wayne Hobbs,1420.0,265.0
JW-70632-17877,Jesse Wright,1591.0,247.0
MV-98688-69716,Max Vargas,386.0,78.0
MP-57801-89170,Mary Pugh,615.0,160.0
SF-51997-30644,Sarah Ford,544.0,66.0
JD-11525-18436,Jonathan Dudley DVM,603.0,79.0
AD-26986-14099,Amber Wilcox DDS,890.0,114.0
KS-13382-68134,Krystal Schneider,2390.0,402.0
LP-47483-24774,Lisa Pittman,630.0,101.0
SD-19284-52140,Stacey Dawson,1466.0,354.0
JS-30360-61935,Jessica Stewart,9998.0,2464.0
KT-23628-68161,Kayla Torres,19134.0,3442.0
JF-24415-81284,John Floyd,526.0,91.0
SM-13509-63944,Samuel Mcclure,262.0,35.0
RL-59077-95094,Rachel Lawrence,227.0,56.0
LC-59610-27681,Lisa Carter,943.0,191.0
SW-30936-50045,Shannon Wood,320.0,49.0
HH-82025-66909,Hunter Hopkins,156.0,32.0
JC-59251-29614,James Cook,603.0,63.0
CA-23291-40548,Cynthia Adkins,1893.0,213.0
SL-81435-74949,Sylvia Lindsey,288.0,65.0
BS-27282-58092,Bobby Smith,530.0,96.0
JH-94433-54129,Justin House,350.0,85.0
MS-12834-11662,Michael Sanchez,505.0,101.0
HH-44764-31884,Henry Harvey,11741.0,2128.0
CJ-88454-59972,Christopher Jones,943.0,131.0
KS-76466-56688,Kevin Salas,10588.0,1719.0
DD-69727-37712,Donna Davenport,1262.0,266.0
RN-23456-51095,Renee Norman,610.0,46.0
PC-13696-86943,Patty Campbell,8991.0,1562.0
JS-77595-21969,Jillian Saunders,919.0,125.0
WL-37723-94477,William Leonard,623.0,121.0
MS-76238-78561,Melissa Sanchez,7575.0,1329.0
JS-53938-32548,Jocelyn Smith,5347.0,1221.0
TH-94572-29146,Terry Harrison,327.0,53.0
NK-22103-58190,Natalie Kelly,674.0,65.0
RT-27871-64046,Robert Thomas,543.0,114.0
LG-76321-13829,Luke Graham,555.0,154.0
CC-32402-53218,Casey Contreras,397.0,65.0
MK-81815-85334,Melinda Kim,7090.0,1108.0
NW-70367-41236,Nicole Wright,1120.0,201.0
AA-47486-10182,Angel Allen,8275.0,2299.0
DR-21237-36818,Diane Rice,981.0,114.0
AK-55650-46865,Anthony Kramer,843.0,182.0
JP-90312-14116,John Pierce,3465.0,674.0
JK-37055-74685,Jay Kelly,560.0,41.0
EW-84890-25350,Ethan Wilson,258.0,45.0
AL-31594-90890,Adam Little,181.0,21.0
CY-60064-44713,Carla Young,254.0,41.0
SC-66420-17822,Suzanne Clark,835.0,224.0
SW-62572-92716,Shannon Wilson,11317.0,1902.0
EC-61429-90172,Eric Cole,1659.0,278.0
EG-74932-85113,Erik Gibson,256.0,39.0
JC-37122-68901,James Clayton,387.0,91.0
CT-83537-13422,Carol Thomas,961.0,147.0
KS-78365-21761,Kelly Sanchez,4696.0,821.0
DM-75112-53693,David Daniel MD,17842.0,3741.0
SM-30474-86013,Shawn Mcdaniel,1240.0,193.0
SP-59062-99839,Shannon Poole,12378.0,1855.0
AM-92227-64738,Alice Moore,1559.0,192.0
KK-30035-14655,Kristen King,1209.0,313.0
RJ-77211-28291,Robin Jackson,11811.0,2034.0
DM-44253-42455,Diana Morgan,975.0,166.0
JH-65205-68259,Joseph Hart,877.0,110.0
TM-12689-50134,Tracey Maldonado,387.0,90.0
AM-84059-92131,Angela Myers,1739.0,145.0
AS-29538-36703,Anthony Stewart,210.0,21.0
FR-78089-82964,Faith Roman,635.0,141.0
WH-76389-39751,William Hudson,2093.0,279.0
KS-59990-23797,Kelly Smith,5152.0,888.0
MF-23749-24796,Michelle Flores,1184.0,236.0
ML-81093-78790,Martin Lucas,2325.0,481.0
JD-55077-23282,Jeremy Dennis,343.0,31.0
PB-81067-58072,Peggy Bailey,188.0,40.0
DS-48333-41512,Danielle Sandoval,1403.0,259.0
MB-66809-73036,Marissa Brandt,497.0,62.0
SG-21541-11068,Stephanie Garrison,8307.0,1346.0
BC-67654-23840,Barbara Cobb,436.0,96.0
TS-73816-45422,Tiffany Smith,804.0,91.0
HM-83557-26521,Heather Mayer,5014.0,839.0
SG-65135-55065,Savannah Garcia,864.0,107.0
EB-87947-51127,Eddie Brooks,23974.0,3917.0
JM-50182-27593,Jeremy Martinez,205.0,57.0
AB-57925-81390,Autumn Butler,20599.0,4185.0
JG-56570-70601,Joshua Goodwin,1306.0,131.0
KR-13709-82155,Kari Ramos,1178.0,118.0
MT-76966-46752,Melissa Thomas,580.0,75.0
CA-49543-93500,Cassandra Ayers,980.0,144.0
CM-75886-23988,Carrie Miller,1164.0,164.0
BT-17444-95806,Bridget Taylor,487.0,58.0
DG-50887-88339,Dr. Brian Gray,917.0,164.0
MD-42036-45514,Mike Davidson,253.0,48.0
PG-70476-17062,Pamela Guerra,9932.0,1597.0
RC-76570-66546,Rachael Chen,8355.0,1204.0
LL-37834-29239,Leslie Lewis,7578.0,1419.0
RD-20120-92092,Rebecca Lopez DVM,1264.0,249.0
DS-95513-69704,Dr. Wesley Smith,543.0,83.0
KP-37701-44462,Kenneth Pratt,284.0,35.0
EH-47239-68120,Evan Haney,634.0,173.0
CA-82118-32555,Corey Alvarez,1093.0,185.0
WB-62202-62279,Willie Blair,266.0,73.0
JG-10452-56993,Javier Griffin,193.0,14.0
CN-35672-89983,Carolyn Nelson,890.0,195.0
TK-85207-66738,Thomas Keller,9785.0,1506.0
DO-18214-48659,Donna Owen,1725.0,275.0
JP-53579-32396,Jeffrey Perez,433.0,54.0
LB-20167-23405,Lucas Burns,987.0,138.0
LP-33703-31866,Lori Andrews PhD,1694.0,251.0
MR-25545-55711,Mr. Jackson Russell,189.0,53.0
CR-42209-22676,Charlene Ruiz,10004.0,1689.0
JS-74406-89783,Jacqueline Stafford,1479.0,371.0
JD-22842-75482,Jesse Davis,169.0,28.0
MS-58193-24069,Matthew Sullivan,1866.0,431.0
ML-69686-17975,Meghan Lyons,997.0,104.0
LH-78476-30185,Laurie Hill,424.0,89.0
SS-52237-29048,Scott Smith,601.0,124.0
MC-17655-30776,Michael Cervantes,245.0,46.0
JM-72956-18823,Joseph Myers,10817.0,1735.0
PR-90223-55106,Patrick Ramos,20248.0,4014.0
SH-30466-98782,Spencer Hicks,868.0,183.0
FP-34102-61774,Frank Patterson,10490.0,1862.0
ER-40792-72100,Ernest Robinson,1866.0,365.0
PZ-84995-89187,Paige Zimmerman,481.0,124.0
KB-89072-45659,Kelly Bell,288.0,32.0
SJ-14466-86379,Stacey Johnson,5789.0,898.0
MD-83309-39150,Michelle Davis,531.0,29.0
JB-52455-18449,Jennifer Baldwin,1050.0,229.0
JD-48683-98186,Jennifer Davis,272.0,50.0
SO-21022-96925,Stephanie Owens,426.0,46.0
SW-19732-92868,Sharon Woods,1581.0,262.0
DC-98888-60804,Denise Cole,957.0,200.0
NL-21659-78997,Nicole Lynn,85.0,20.0
AM-38499-41587,Anthony Martin,1115.0,252.0
AT-16406-87911,Angel Thomas,4648.0,745.0
MW-66999-78326,Melissa Wolf,1811.0,318.0
AB-49082-19665,Amanda Black,1047.0,190.0
LS-79421-74986,Leah Stewart,252.0,46.0
KR-86843-84520,Kelly Rodriguez,6363.0,1317.0
AH-47648-63260,Amanda Hoffman,1216.0,142.0
KM-45188-70718,Katherine Morris,12890.0,1782.0
BS-43699-33901,Beverly Santiago,924.0,168.0
KS-45954-14086,Katie Stevens,873.0,125.0
AC-45032-83657,Anna Chapman,250.0,42.0
VS-64903-15157,Vanessa Stevens,6296.0,1168.0
CS-58708-57319,Cameron Sharp,1422.0,221.0
AG-62099-17480,Aimee Gray,490.0,139.0
MW-91210-26217,Mathew Walker,443.0,88.0
JM-68624-55431,Jennifer Manning,386.0,77.0
AM-99447-56895,Aimee Melton,2548.0,330.0
BM-33606-50688,Brian Morales,678.0,124.0
AR-52605-91126,Ashley Romero,707.0,165.0
KR-84635-19528,Kimberly Ramirez,337.0,72.0
TD-93423-95999,Taylor Durham,444.0,76.0
SR-49522-98279,Scott Rogers,887.0,141.0
AT-42864-34152,Amanda Turner,264.0,26.0
JW-31078-69595,Jacob Williamson,1184.0,238.0
JB-54003-23068,John Brown,545.0,67.0
LL-35566-32124,Linda Lopez,333.0,84.0
TD-94353-94013,Tyler Dawson,3591.0,799.0
JO-25174-80959,Jose Olson,1192.0,197.0
TD-69132-65531,Tammie Diaz,1218.0,260.0
SB-32007-23887,Steven Brown,178.0,44.0
TM-15410-75567,Tina Mitchell,596.0,46.0
AW-17325-75292,Alexandra Wilson,927.0,165.0
MK-37268-16500,Matthew Kelley,10616.0,1960.0
LW-11303-72372,Linda Williamson,237.0,51.0
SM-68313-66198,Sally Campos MD,10138.0,1699.0
HP-76115-24498,Heather Patterson,1224.0,269.0
JA-28508-73825,John Anderson,928.0,210.0
NV-94481-29975,Nicole Vance,1927.0,227.0
KS-28650-29242,Karen Smith,471.0,90.0
RL-49765-11483,Robert Lopez,7237.0,1236.0
HA-64847-48396,Heather Aguirre,1254.0,298.0
CB-17408-82920,Catherine Bell,431.0,99.0
DS-92554-95724,Daniel Simmons,221.0,36.0
SH-53870-35926,Sara Hernandez,1554.0,230.0
CC-63304-16492,Candace Cruz,727.0,155.0
EL-47011-86063,Elizabeth Luna,6769.0,1346.0
JL-27856-43969,James Long,554.0,104.0
MA-43078-53083,Mrs. Holly Arellano,129.0,29.0
RD-11244-63334,Rhonda Robbins DDS,966.0,193.0
NJ-47387-20436,Nathan Jones,741.0,127.0
MS-46547-59658,Maurice Smith,108.0,25.0
MW-21013-89505,Michael Welch,9908.0,2111.0
JH-21947-21062,Jeanette Herrera,489.0,55.0
CK-26709-96222,Cynthia Kelley,10262.0,1970.0
SE-26102-93044,Sarah Evans,255.0,68.0
KJ-58743-97073,Kevin Johnson,5863.0,1019.0
CL-25794-13640,Christopher Lambert,226.0,17.0
JW-75470-76169,John Williams,10166.0,1699.0
TB-62005-61256,Tonya Berry,62.0,11.0
TM-93480-99227,Timothy Miller,1106.0,246.0
JW-40385-32252,Jeremiah Wallace,228.0,17.0
JC-70434-10646,Jason Curtis,358.0,66.0
GG-46310-82790,Gloria Guzman,652.0,124.0
KW-90360-57257,Kimberly Williams,804.0,170.0
TW-41817-46986,Tracy Watkins,999.0,185.0
MC-35068-66906,Mr. Bruce Clark,7773.0,1431.0
EB-89161-17337,Emily Brooks,707.0,201.0
BG-66759-65727,Brendan Garcia,135.0,15.0
BO-32654-44371,Bradley Olson,1088.0,120.0
MR-22873-53984,Michael Ross,7150.0,1325.0
SF-69532-89666,Scott Fernandez,298.0,29.0
SM-65995-23466,Seth Miller,909.0,176.0
RW-61544-79077,Robert Webb,5204.0,670.0
CB-59964-95622,Cory Bush,949.0,153.0
MM-11578-16914,Marissa Mendez,1321.0,240.0
AR-18917-77088,Anthony Robertson,664.0,192.0
AG-46311-90270,Anthony Garcia,146.0,26.0
JD-71650-79457,James Donaldson,124.0,26.0
MR-96244-72958,Mary Robertson,6715.0,1211.0
LF-95688-51509,Lisa Fields,256.0,27.0
JC-85551-28021,Jeremy Carter,294.0,54.0
JK-52813-81578,Joseph Kim,12810.0,2445.0
KG-27971-79824,Karen Green,898.0,139.0
LR-37878-78290,Lindsay Ross,329.0,58.0
JD-66746-89252,Jacob Douglas,979.0,202.0
BL-40086-31048,Brandi Larson,1062.0,179.0
CP-64103-10627,Christopher Payne,453.0,97.0
EB-91581-22982,Emily Barnes,699.0,122.0
ML-25670-10055,Michael Lawrence,522.0,133.0
TJ-30005-99196,Tammy Jones,813.0,187.0
AL-60222-28473,Allen Lucas,707.0,141.0
NC-66519-94872,Nathaniel Case,12982.0,2001.0
DH-27374-47590,Diane Hall,6325.0,1237.0
KA-42166-80119,Kim Allen,871.0,227.0
BK-67922-18828,Barbara Kirk,740.0,126.0
KP-23435-56159,Kimberly Peters,378.0,28.0
MJ-52785-34776,Melanie Jones,695.0,176.0
JM-53846-28235,John Haynes MD,345.0,61.0
VB-58433-37191,Vanessa Ballard,1320.0,224.0
GA-29406-69487,Gabrielle Anderson,1600.0,246.0
EW-49393-66935,Elaine Weaver,5590.0,1184.0
TM-38191-20793,Theresa Murphy,1831.0,311.0
MM-33988-61714,Melissa Hobbs MD,10578.0,1971.0
MH-50626-30341,Mary Hoover,200.0,14.0
RS-77238-95210,Rebecca Simmons,15681.0,3003.0
KW-71339-70416,Kayla Wilson,777.0,122.0
PS-20766-68141,Patrick Smith,766.0,134.0
CM-22471-64208,Connor Mcintyre,2139.0,452.0
CS-28882-75919,Christopher Sanders,4890.0,902.0
HP-63582-74967,Holly Payne,422.0,39.0
AM-19016-59023,Anthony Mason,9728.0,1418.0
EJ-13461-50169,Emily Jones,1104.0,163.0
DW-36634-41452,Danny Williams,333.0,25.0
SS-91403-22604,Shelly Sherman,605.0,63.0
MR-13171-60108,Melanie Ramos,266.0,24.0
JL-50949-21237,Jonathan Little,229.0,51.0
JM-11276-25249,Jennifer Medina,1044.0,221.0
BS-28508-73178,Benjamin Sanders,1621.0,315.0
PM-95155-62680,Patricia Gonzalez MD,1668.0,325.0
BW-17471-73883,Brittany Walker,1320.0,245.0
LO-56339-73082,Lynn Ortiz,1359.0,313.0
DP-15023-86617,Daniel Perkins,1168.0,250.0
AS-90804-98496,Antonio Simmons,240.0,39.0
DC-38231-30401,Daniel Campbell,600.0,146.0
LG-11861-90344,Laura George,258.0,46.0
BG-45039-63077,Brandi Gibson,407.0,22.0
AD-90267-21904,Alexandria Dunn,573.0,102.0
JW-83259-12854,Jeremy Wallace,10692.0,1903.0
JD-69712-33225,Jennifer Koch DVM,9779.0,2065.0
MM-33853-56241,Mrs. Miranda Martinez,8411.0,1522.0
RM-37738-16816,Ricardo Mitchell,16705.0,3844.0
KF-35977-86446,Kevin Fisher,7725.0,1292.0
DC-15096-85426,Donald Costa,531.0,138.0
GM-18516-80593,Gabriel Munoz,257.0,27.0
JM-16703-69760,Jacob Mata,309.0,40.0
CB-24125-12162,Cynthia Bean,601.0,124.0
AT-83212-63337,Andrea Thomas,1031.0,237.0
RG-21882-49044,Robert Gibson,1131.0,164.0
BR-62546-58673,Bruce Rivers,1207.0,156.0
KM-14731-48731,Keith Morris,19363.0,2965.0
DK-57492-32461,Danielle Kim,666.0,160.0
WT-73780-59728,William Turner,233.0,22.0
MB-57440-14055,Monica Boyd,721.0,153.0
AM-39730-23453,Andre Mcguire,6815.0,1333.0
KS-62432-32061,Kelsey Sloan,708.0,63.0
EE-99901-44849,Eric Edwards,10179.0,2191.0
PL-54345-52947,Penny Lester,315.0,46.0
MF-59947-70241,Mary Franklin,71.0,11.0
HA-44884-17546,Heather Acosta,9790.0,1717.0
TM-14052-61114,Tammy Moore,1042.0,209.0
DS-87837-56869,Dana Stewart,803.0,92.0
LH-84349-38450,Lisa Hawkins,661.0,89.0
CF-78963-31534,Carolyn Fox,6625.0,1447.0
AH-40528-53053,Adrian Holland,1234.0,228.0
EW-92833-66705,Erika Wells,89.0,19.0
RP-12169-94714,Robert Pitts,765.0,180.0
KA-54389-47211,Kristi Andrade,270.0,19.0
AG-61412-14446,Andrea Garcia,1272.0,230.0
AW-74621-64431,Amanda Warner,9339.0,1541.0
JA-97075-41749,Joshua Alvarez,10974.0,2145.0
RC-24972-18928,Rachel Castaneda,8524.0,1952.0
MR-32215-58665,Margaret Ross,7549.0,1476.0
KC-22063-89719,Kelly Cooper,187.0,51.0
JO-51698-11513,James Olson,700.0,127.0
KP-83847-64491,Karen Phillips,9865.0,1535.0
NW-54910-67046,Natasha Wilson,348.0,60.0
BC-32295-39768,Barry Cowan,485.0,102.0
TL-37974-75514,Tracy Lucero,9619.0,1672.0
NT-96386-49543,Nicholas Taylor,1042.0,235.0
JW-68173-66249,Jeffery Wong,1414.0,166.0
FA-40354-35540,Frank Ali,1294.0,150.0
JO-36004-11669,Joshua Ortega,410.0,26.0
KB-43917-81712,Kelly Brown,230.0,60.0
JT-69807-15658,James Taylor,758.0,110.0
MS-43693-52431,Margaret Smith,2689.0,416.0
AD-25601-79699,Anna Sharp DVM,489.0,128.0
SL-20976-43220,Steven Leach,1146.0,180.0
LJ-83085-79027,Lori Jackson,248.0,61.0
AM-30229-95676,Antonio Myers,847.0,146.0
TO-89820-70377,Todd Ortega,161.0,12.0
RH-11750-18746,Roger Horn,188.0,50.0
MM-60364-93735,Maria Marshall,1973.0,378.0
RJ-23444-74606,Ronald Johnson,915.0,98.0
BW-26169-75961,Bruce Warren,9102.0,1643.0
LW-29632-34542,Lindsay Wells,1025.0,233.0
SP-74338-16766,Scott Powers,777.0,173.0
TS-92223-45245,Theodore Smith,7768.0,1462.0
MJ-80344-84391,Matthew Jones,427.0,53.0
SJ-37471-95500,Scott Taylor Jr.,650.0,93.0
TL-65733-50244,Tristan Lawson,359.0,37.0
RS-21855-53835,Ralph Santos,306.0,44.0
TH-88305-63991,Thomas Henderson,677.0,110.0
AD-83278-24738,Amanda Davis,12746.0,1729.0
LB-38053-26053,Laura Becker,8028.0,1555.0
JF-44136-85606,James Ferguson,1034.0,204.0
SS-70016-49856,Sean Simmons,6291.0,645.0
PP-45588-98062,Patrick Parker,1634.0,387.0
TA-46804-45862,Tiffany Avila,141.0,16.0
MR-86133-79152,Morgan Ramirez,1324.0,167.0
MH-53169-51938,Matthew Hernandez,149.0,34.0
MH-99997-91327,Matthew Hendricks,1639.0,281.0
DV-73361-14949,Daniel Velez,1691.0,350.0
RC-56062-51841,Ryan Chapman,4611.0,632.0
EM-93193-85073,Eric Moss,4923.0,752.0
DJ-83990-49053,David Johnson,834.0,130.0
AJ-93492-88054,April Johnson,21941.0,2952.0
JC-62224-71711,Justin Clark,13086.0,2954.0
MW-44285-66901,Michael Wang,896.0,106.0
SM-24381-15274,Sara Matthews,1285.0,309.0
JB-55501-92001,Jason Bell,435.0,57.0
JL-17302-51183,Jacob Lopez,10842.0,3047.0
CC-31557-20010,Courtney Cunningham,10130.0,1830.0
JN-38207-78516,Joel Nunez,1068.0,149.0
TR-50385-51578,Tyler Reyes,570.0,117.0
SJ-23831-28943,Sean Anderson Jr.,884.0,111.0
AL-19924-54594,Ashley Lopez,7294.0,1332.0
BL-15347-80324,Billy Lewis,469.0,43.0
CC-97056-89529,Cheryl Clarke,1228.0,137.0
SB-15753-59933,Stephen Bates,695.0,142.0
RP-36573-35026,Ryan Paul,807.0,96.0
LJ-53628-89635,Laura Johnson,1100.0,301.0
JR-55246-99059,Jessica Rubio,8408.0,1458.0
AR-28818-71086,Anthony Ramsey,697.0,202.0
SR-60899-57984,Shannon Rose,6551.0,1099.0
SD-81959-39583,Sharon Dorsey,3273.0,575.0
RS-79187-39407,Rachel Schneider,839.0,143.0
BC-97287-42741,Brandon Cook,141.0,42.0
VW-83668-43973,Victoria Winters,8842.0,1405.0
JD-87203-50727,Jeremy Daniels,220.0,46.0
JS-75288-26723,John Simmons,10349.0,1853.0
NB-29060-44766,Natalie Bailey,8384.0,1610.0
RO-34004-59917,Richard Owens,7259.0,1338.0
CW-80201-64214,Cassandra White,10226.0,1965.0
KA-54297-58905,Kelly Adams,1423.0,249.0
JR-18748-65518,Joan Rivera,201.0,42.0
RR-25206-53034,Robert Robinson,50.0,4.0
CC-24629-40493,Christopher Cunningham,7892.0,1375.0
SJ-37383-65668,Stephanie Jones,1171.0,243.0
CM-88411-21451,Cory Marks,1934.0,188.0
TJ-99404-47796,Tara Johnson,1790.0,317.0
DA-97864-65153,David Allen,7035.0,1290.0
JA-65252-33738,James Aguilar,7522.0,1619.0
MR-60298-55948,Miranda Russell,1467.0,252.0
DS-85655-20623,Danielle Smith,6999.0,1217.0
MG-48095-47304,Mrs. Julia Green,647.0,162.0
EP-65366-88691,Emily Patton,626.0,110.0
ET-43951-49950,Elizabeth Taylor,1714.0,194.0
DM-11048-42111,Dawn Miller,982.0,183.0
CR-60848-93149,Chelsea Rodgers,7286.0,1224.0
AA-35657-43657,Andrew Anderson,226.0,43.0
TH-23993-88416,Timothy Hansen,921.0,158.0
PC-97224-67787,Paige Cunningham,4913.0,1349.0
MM-17680-14913,Margaret Moon,286.0,80.0
RB-10025-66480,Robin Brooks,182.0,32.0
WS-51342-90863,William Smith,906.0,174.0
SD-77614-76391,Sara Davila,540.0,133.0
LA-29810-20355,Leslie Armstrong,909.0,196.0
MH-52110-47141,Mark Hamilton,936.0,151.0
EF-69615-62859,Elizabeth Fritz,994.0,238.0
EB-71002-18996,Edward Brooks,615.0,89.0
CP-44125-12518,Cindy Phillips,627.0,92.0
SH-77236-49246,Sara Henry,1266.0,243.0
RE-17752-83506,Ryan Edwards,806.0,135.0
CA-10293-27979,Craig Alexander,1209.0,278.0
JB-83571-22446,Joshua Bell,218.0,26.0
KB-27775-86185,Kristen Brown,1627.0,346.0
AL-69371-16140,Aaron Levine,9843.0,1846.0
JE-67124-47342,Jill Elliott,1765.0,374.0
DB-33787-69913,Daryl Buchanan,696.0,101.0
KT-95685-35500,Kenneth Tran,1411.0,232.0
SE-95376-15565,Sarah Evans,5604.0,1139.0
LD-92576-72326,Lori David,11183.0,1592.0
PB-56827-54416,Philip Brown,467.0,109.0
MN-35926-63607,Marcus Nunez,14648.0,2141.0
MM-45945-55088,Michael Miller,534.0,122.0
KD-14338-30957,Katherine Rosales DVM,210.0,53.0
JM-49038-42931,Joshua Marshall,204.0,35.0
DM-60228-14980,David Reed MD,727.0,115.0
JM-68123-84636,Jennifer Murphy,1334.0,209.0
EM-13636-41772,Erik Myers,1744.0,192.0
KW-13821-16360,Karen White,10018.0,1913.0
KM-21699-51404,Kelly Mills,120.0,8.0
SP-67583-53940,Shawn Peterson,139.0,20.0
MD-36982-16324,Mrs. Christine Dunn,10468.0,1873.0
MM-79609-95044,Meagan Merritt,413.0,94.0
DC-61039-78738,Donald Cruz,1134.0,150.0
EW-59265-20228,Erica Ward,1582.0,202.0
DF-95909-49465,Drew Franklin,2220.0,467.0
KM-96884-70007,Kenneth Mcpherson,371.0,46.0
KL-15118-34170,Kathy Lopez,337.0,50.0
SR-32381-82708,Stephanie Rose,9709.0,2217.0
EM-29995-71610,Eric Macdonald,718.0,101.0
LB-61852-99789,Luke Bond,1022.0,229.0
CC-98186-67465,Connie Crawford,816.0,139.0
KH-40625-76451,Karl Hill,396.0,51.0
NH-30775-30232,Nathaniel Holloway,578.0,77.0
YM-81406-91199,Yvonne Mcdonald,1218.0,230.0
AV-59001-25208,Amy Villanueva,225.0,15.0
LC-60386-23273,Laura Chavez,615.0,94.0
KC-46930-54779,Karen Carlson,522.0,60.0
DM-63229-71829,David Marquez,1169.0,217.0
MB-82202-16716,Matthew Brown,954.0,129.0
NR-71711-15365,Nicole Roth,2044.0,261.0
KM-35914-59088,Kristin Mcdowell,1237.0,145.0
BJ-89939-92781,Bradley Collins Jr.,602.0,140.0
LW-99135-30683,Laurie Wiley,1241.0,209.0
KH-72816-92147,Katherine Haynes,5206.0,1142.0
AG-45357-90429,Adam Gutierrez,736.0,166.0
TW-51027-55693,Timothy Watts,342.0,89.0
AS-79247-33039,Amber Smith,689.0,118.0
BW-66420-83361,Brenda Waters,163.0,48.0
RM-81501-81513,Rachel Murray,478.0,56.0
NM-23061-81858,Nancy Meadows,50.0,5.0
LW-17433-89030,Laura Willis,1318.0,293.0
SC-19196-63346,Sandra Conner,2118.0,469.0
MH-18630-44585,Megan Ho,1108.0,187.0
DD-95233-43788,Daniel Delacruz,15042.0,2883.0
KD-79097-21390,Kayla Duncan DVM,379.0,93.0
SD-39947-58602,Sarah Drake,438.0,31.0
JF-17489-73616,James Fletcher,643.0,122.0
TS-67964-50411,Timothy Smith,12248.0,2427.0
CG-99108-80242,Christina Garcia,508.0,57.0
LS-98288-42418,Laura Smith,988.0,291.0
BP-92474-25504,Brianna Peters,1765.0,292.0
MS-65831-88957,Michelle Sexton,464.0,124.0
SA-12159-57698,Scott Alvarez,447.0,109.0
SJ-76123-28622,Sarah Jones,3389.0,211.0
MS-68790-38676,Mark Soto,187.0,25.0
NW-99877-72274,Nathan Woods,569.0,58.0
AL-75798-57985,Amy Lowery,1350.0,212.0
DC-82973-79651,Dylan Carlson,849.0,160.0
RT-24831-84796,Rebecca Taylor,8120.0,1356.0
JR-35694-95617,Jamie Ray,549.0,54.0
KS-63111-61315,Kim Smith,322.0,19.0
SS-12100-33244,Sandra Stanton,316.0,51.0
SG-68069-51909,Shawn Griffin,1183.0,302.0
CJ-68824-78729,Christopher Jones,803.0,169.0
KJ-41808-78691,Kimberly Jones,1309.0,151.0
AE-59464-30374,Amy Espinoza,6471.0,1080.0
SM-83260-11373,Suzanne Smith MD,1021.0,160.0
JP-94900-45069,Jonathan Pierce,79.0,5.0
MD-19966-36272,Matthew Dawson,7791.0,1208.0
CB-16678-83384,Carrie Brown,680.0,186.0
MJ-45537-34341,Mr. Christopher Jenkins,126.0,33.0
BV-49285-13170,Brian Vaughn,60.0,11.0
BM-65998-93286,Brian Moore,1424.0,342.0
MC-42785-38229,Mr. Paul Chapman,839.0,133.0
MM-51075-46348,Michelle Marshall,622.0,66.0
BG-62146-12382,Brooke Garza,20277.0,3100.0
ZC-49782-31583,Zachary Clayton,514.0,149.0
JB-51301-43834,Joshua Becker,2279.0,483.0
SM-86394-10016,Steven Moore,127.0,18.0
GC-20303-39288,Gregory Carter,727.0,78.0
AK-86238-56343,Alan King,5980.0,1036.0
EW-86143-52548,Edward Wilson,51.0,6.0
AS-77404-60519,Angela Stuart,918.0,208.0
CC-24356-84412,Carrie Campbell,1961.0,492.0
RF-93300-92696,Ryan Farmer,1359.0,194.0
PH-77366-14154,Patricia Harvey,610.0,86.0
RC-69757-99538,Ryan Cardenas,792.0,63.0
TP-41262-68162,Terri Price,916.0,116.0
BH-63345-88337,Brenda Hoover,1340.0,324.0
JW-13771-89007,Jennifer Willis,2007.0,375.0
LB-44773-74673,Leslie Banks,10541.0,1659.0
JW-13665-78178,Jay Williams,19509.0,2667.0
ML-18722-46483,Mr. Mason Lloyd,1845.0,253.0
IW-10907-14092,Ian Wu,10730.0,1922.0
KB-90035-50808,Kayla Barber,918.0,224.0
SS-21786-38638,Steven Sullivan,249.0,64.0
MW-52965-47138,Mary Wilson,164.0,26.0
CV-17964-65009,Carla Vega,1720.0,351.0
JT-61684-38660,Jared Taylor,893.0,114.0
SW-26500-47089,Steven Williams,362.0,74.0
JR-30727-12959,Joyce Reyes,782.0,176.0
JR-41934-65268,Jerome Rodriguez,3857.0,636.0
CM-94296-23168,Charles Mata,306.0,76.0
AR-19914-11379,Ariana Rivera,845.0,159.0
CD-89897-97090,Christopher Davis,590.0,104.0
DH-62002-66315,David Harvey,434.0,60.0
EM-70042-79369,Edward Mccarty,297.0,71.0
HW-17990-68154,Hailey Watkins,1237.0,158.0
CG-68075-74754,Christopher Graves,1608.0,284.0
MR-81258-22555,Mitchell Reynolds,20717.0,4203.0
DG-93216-62772,Dr. Travis Garcia,1838.0,365.0
RH-98952-63536,Reginald Huff,641.0,135.0
JK-61259-96314,Jerry Kennedy,11000.0,1655.0
MG-58541-34195,Matthew Gibson,120.0,21.0
AW-63050-28459,Alyssa Weaver,10667.0,1746.0
MW-15910-13593,Michael Wilson,604.0,121.0
CR-69546-73857,Caleb Richmond,1152.0,281.0
LF-55203-41516,Lisa Foster,4019.0,1121.0
PR-19318-35456,Peter Rodriguez,3302.0,312.0
HS-53483-29167,Heather Schwartz,13656.0,1671.0
EM-66042-99016,Emily Moody,620.0,167.0
MG-59711-97947,Mark Gill,1616.0,255.0
EJ-88925-96872,Elizabeth Jefferson,677.0,114.0
JS-51503-10513,Jeffrey Smith,528.0,126.0
VC-50693-69030,Victor Chavez,564.0,94.0
SR-17554-38121,Scott Ramirez,14210.0,2666.0
SF-71810-18541,Stacey Frost,1085.0,201.0
KH-89967-56864,Kimberly Holloway,1740.0,348.0
MW-24324-77351,Miss Emily Williams,580.0,78.0
MW-49476-17657,Michael Watson,728.0,85.0
PW-90257-74613,Paul Williams,853.0,79.0
JP-29773-19041,Jeff Prince,948.0,112.0
LA-90582-52687,Luis Anderson,765.0,175.0
RD-27969-77372,Richard Dorsey,1091.0,171.0
AB-67186-44773,Alexis Barker,838.0,182.0
AH-30695-89355,Andrea Hernandez,771.0,198.0
NH-48043-43241,Nicole Hernandez,349.0,76.0
LW-47383-56131,Lindsey Williams,3075.0,580.0
BF-36840-95669,Bradley Finley,851.0,136.0
KV-35543-50786,Kayla Valencia,563.0,60.0
JB-42022-33767,Jeffrey Burnett,7641.0,903.0
SB-53074-82713,Sergio Brown,1096.0,97.0
DW-70937-44846,David Waters,12299.0,1698.0
KS-75207-29871,Kaitlin Stephens,184.0,31.0
PJ-79724-70208,Paul Johnson,6108.0,1147.0
AF-49487-41680,Austin Fox,916.0,203.0
AH-57526-66012,Amanda Harvey,1181.0,131.0
JJ-40889-88426,Jamie Jones,501.0,117.0
LG-52764-88277,Lori Garcia,816.0,162.0
CH-73055-40166,Carl Howard,714.0,181.0
KM-42272-64972,Kenneth Mcdonald,407.0,102.0
MS-23317-98546,Michael Stephens,423.0,43.0
WC-72401-73635,Wesley Coffey,8600.0,1529.0
MJ-94212-66503,Matthew Johnson,232.0,25.0
CH-61881-81317,Chase Hill,1525.0,156.0
MS-29105-24361,Michael Sims,143.0,18.0
CD-80648-56290,Christopher Davis,356.0,68.0
CO-19947-96286,Craig Oconnor,923.0,167.0
AR-29296-71285,Andrew Reed,279.0,35.0
PT-54742-94366,Patricia Townsend,610.0,97.0
DF-80538-85441,Deanna Figueroa,915.0,139.0
AT-62236-18485,Albert Thomas,572.0,97.0
AS-37448-66652,Ashley Stein,757.0,223.0
NM-47349-32867,Nathaniel Mosley,6954.0,1558.0
JS-48831-70933,Jeffrey Scott,583.0,73.0
KS-42641-42411,Kimberly Stein,988.0,176.0
MK-15931-13956,Melissa Kelly,855.0,149.0
PH-86147-98955,Patrick Hall,1085.0,219.0
KM-89254-45137,Kenneth Martinez,2019.0,372.0
ES-70875-58606,Emily Sutton,880.0,96.0
BB-94734-28723,Brandon Brooks,5042.0,1142.0
EJ-63419-19021,Eric Johnson,82.0,24.0
LS-13876-65983,Lynn Smith,113.0,26.0
AA-39506-22062,April Anderson,983.0,165.0
LR-59689-29384,Leslie Ramirez,7736.0,1438.0
DS-11212-34943,Diana Stewart,615.0,50.0
AV-57672-27937,Albert Vasquez,311.0,72.0
JB-82654-46170,Jason Bell,681.0,137.0
RS-75643-73451,Robert Scott,728.0,163.0
JB-48764-60887,Joseph Bates,1452.0,226.0
WW-14937-43688,Wendy Wood,276.0,47.0
NM-69380-17012,Nicole Moreno,422.0,49.0
AC-87703-32125,April Cook,682.0,152.0
CL-61428-95709,Cody Lynch,1380.0,242.0
BD-93304-13030,Bradley French DVM,283.0,82.0
RP-39512-20282,Robin Patterson,462.0,39.0
JF-97194-22958,Janice Flores,673.0,176.0
WB-48423-69388,William Berry,589.0,111.0
RR-46402-22436,Ryan Ritter,1147.0,235.0
PW-41385-71366,Patricia Waters,844.0,180.0
KS-29835-59131,Katie Sanchez,907.0,122.0
TH-30631-58509,Taylor Henry,808.0,137.0
KT-94613-32975,Kimberly Tran,150.0,40.0
AB-25080-27664,Andrew Barker,132.0,20.0
SV-18856-86529,Samuel Vincent,111.0,6.0
KG-92307-94437,Kyle Gonzales,9346.0,1910.0
RS-81009-73731,Raymond Stewart,457.0,112.0
JB-15451-96625,James Briggs,489.0,41.0
SW-46781-33242,Stacy Weaver,830.0,79.0
JC-70662-43917,John Cox,365.0,63.0
AB-57266-16583,Ashley Bryant,538.0,55.0
SW-97483-43589,Shannon Walker,2519.0,541.0
DT-63988-17492,Debra Thomas,509.0,124.0
MP-50178-93770,Mary Padilla,6673.0,1361.0
LC-17627-54716,Lisa Calderon,6337.0,1100.0
SL-30517-39558,Samantha Lynch,1655.0,325.0
MB-78450-29038,Melissa Brown,547.0,121.0
JS-72172-97484,Jeffrey Savage,1339.0,216.0
AP-75301-57805,Amanda Patel,430.0,108.0
TD-56646-65323,Troy Davies,2906.0,374.0
JT-82698-67023,Jeremy Turner,987.0,212.0
PL-81411-91796,Patrick Lewis,909.0,143.0
AB-40415-12941,Alexander Brooks,672.0,131.0
SJ-65702-60340,Steven Jones,538.0,95.0
JS-74573-90812,Jose Stuart,2511.0,409.0
WB-41170-10033,Wayne Burns,1652.0,176.0
KH-43481-25162,Kathleen Higgins,1384.0,266.0
SD-68221-98572,Stephen Day,955.0,222.0
TN-31794-57735,Tiffany Nelson,1481.0,286.0
BD-30489-44370,Beth Green DDS,1634.0,202.0
AC-15610-19920,Angela Carroll,333.0,41.0
WD-21406-50143,William Dixon,1162.0,181.0
CH-91117-36655,Cynthia Hopkins,691.0,96.0
CW-18326-11211,Carmen Webb,6462.0,1369.0
DW-79400-74177,David Ward,235.0,43.0
MP-22764-81266,Michael Pierce,6242.0,1071.0
KO-85234-18778,Kayla Ochoa,105.0,12.0
JA-26548-28517,John Alexander,1137.0,130.0
AB-28008-67731,Andrew Briggs,28244.0,5386.0
BS-64168-27264,Benjamin Stewart,811.0,180.0
TW-63605-10432,Tammy Wilson,134.0,34.0
SB-90358-31648,Scott Butler,952.0,168.0
KH-70764-59683,Katrina Hood,4998.0,806.0
CG-35240-37809,Christina Gregory,991.0,166.0
SR-94762-72178,Shirley Rasmussen,1155.0,199.0
JZ-26347-16101,Julie Zimmerman,916.0,203.0
KD-87430-18344,Kathryn Day,12190.0,1861.0
RL-50639-65959,Rachel Lindsey,9057.0,1484.0
RS-33226-44334,Raymond Smith,572.0,106.0
MA-48477-23773,Michael Adams,1510.0,345.0
SB-89037-73553,Sydney Bennett,1527.0,128.0
JH-27444-87508,Jeffrey Hernandez,1245.0,199.0
MW-47093-29681,Marissa Walker,16906.0,2688.0
MJ-59687-54718,Melissa Jefferson,997.0,202.0
MH-39582-44991,Mark Harris,1640.0,212.0
JS-58976-59418,Jacqueline Schmidt,2417.0,399.0
RG-56533-54359,Richard Garrett,7511.0,1387.0
HM-55575-57522,Heather Morris,846.0,141.0
LP-15413-82973,Lisa Parker,393.0,64.0
AC-74804-46011,Amy Castro,327.0,85.0
SP-98065-20179,Steven Parker,508.0,86.0
RR-86101-43393,Ryan Reyes,1909.0,341.0
BM-28755-65040,Brittany Mendoza,2366.0,378.0
DC-66212-85661,David Collins,249.0,34.0
RM-42343-42295,Robert Mclaughlin,1107.0,204.0
RS-61728-27220,Ruth Soto,205.0,39.0
ST-55943-22850,Stephanie Tanner,1794.0,176.0
RD-42671-69340,Renee Clay DDS,2604.0,415.0
GB-76428-48926,Grant Berg,539.0,51.0
BK-87331-76353,Bonnie Knox,331.0,97.0
SW-87624-25631,Sandra Wagner,926.0,113.0
AL-85932-67787,Amy Lane,555.0,97.0
MG-64502-78781,Mary Garcia,991.0,76.0
BK-19019-39997,Brittany Khan,1141.0,202.0
JP-10204-21702,Jasmine Powell,341.0,68.0
BM-90145-41167,Brian Murray,91.0,17.0
ER-67675-37543,Elizabeth Rocha,3219.0,854.0
DM-88136-23405,Dr. Karen George MD,3463.0,259.0
NB-21680-93101,Natalie Bowen,13799.0,2009.0
DA-55760-98174,Don Adams,286.0,84.0
SS-22607-18383,Shari Sawyer,884.0,122.0
JP-15549-87428,Jason Patterson,1699.0,351.0
BD-68499-62945,Bradley Diaz DVM,58.0,4.0
AG-75957-14915,Alexis Garcia,2400.0,421.0
RW-76558-64649,Robert Watts,2625.0,430.0
KA-14333-56520,Karen Arnold,807.0,116.0
JC-17071-94163,James Conley,379.0,31.0
DY-33475-36236,Deborah Yoder,594.0,88.0
JD-72243-32460,Jeff Deleon,630.0,100.0
JC-79604-91582,Jose Clarke,52.0,9.0
RB-69897-30594,Richard Bryan,1204.0,214.0
CC-16649-79769,Charles Carter,11501.0,1686.0
DB-67556-27860,David Boyd,8771.0,1512.0
DG-64081-57173,David Garcia,213.0,59.0
MV-97684-39297,Miss Victoria Valenzuela,1163.0,248.0
AG-32958-15408,Anna Gonzalez,638.0,108.0
ST-15777-24702,Steve Thomas,13261.0,2225.0
DR-49364-80998,Danielle Roy,8312.0,1469.0
LS-95613-44037,Latoya Sanders,11065.0,2097.0
JW-43203-30535,Jill Walls,2075.0,440.0
RT-87632-12487,Rebecca Turner,11990.0,2079.0
BH-15374-73000,Brenda Hunt,1279.0,239.0
NS-75057-63152,Nicholas Saunders,1267.0,221.0
JH-63466-14256,Joseph Hess,286.0,70.0
AI-15438-58019,Andrew Ingram,466.0,78.0
AO-43145-47867,Abigail Orr,206.0,53.0
EY-51316-12060,Edward Yates,290.0,50.0
SJ-93432-88892,Sonya Jimenez,528.0,104.0
HS-91967-59645,Hannah Stanton,337.0,72.0
CJ-36967-44364,Christine Johnson,234.0,57.0
LF-51218-59945,Luke Ferguson,565.0,114.0
JM-14885-39278,Jonathan Mitchell,1406.0,204.0
RE-13100-69227,Rebecca Estrada,864.0,205.0
TS-18895-84066,Trevor Smith,3373.0,702.0
CR-76837-54441,Clinton Robles,846.0,85.0
MW-26822-66330,Mr. Keith White,11310.0,1936.0
BH-10996-92451,Bryan Hopkins,9448.0,1690.0
AB-98236-57094,Anthony Benitez,1069.0,154.0
SD-27267-82827,Samantha Dunlap,491.0,51.0
MA-84052-68048,Melissa Anderson,809.0,171.0
CC-27998-41233,Christopher Castillo,791.0,180.0
CW-74267-43205,Carmen Walker,3052.0,847.0
MM-77761-87767,Melissa Mcdonald,9797.0,1558.0
TW-88638-86562,Travis Wall,949.0,220.0
BP-16679-54809,Brenda Parker,8556.0,1417.0
DG-20159-57467,Daniel Glenn,557.0,37.0
TR-75407-74542,Timothy Reed,7429.0,1309.0
KG-81421-52122,Kenneth Gregory,745.0,103.0
AB-85915-13003,Andrea Bell,2044.0,294.0
AF-70783-78268,Angela Foster,7102.0,1170.0
JS-96112-92598,Jennifer Sandoval,539.0,62.0
KF-40980-84186,Kayla Farley,564.0,60.0
PR-73713-19918,Philip Rice,750.0,132.0
BR-36955-67937,Bryan Richardson,118.0,17.0
ND-53951-57947,Natalie Dixon,611.0,123.0
JM-67162-72506,Jeremiah Munoz,6796.0,1337.0
SG-14840-78193,Stephanie Graves,1672.0,445.0
JD-73578-43790,Jordan Decker,131.0,17.0
CM-85068-96292,Colleen Morris,1118.0,230.0
JM-74312-75312,Jessica Miller,3808.0,618.0
CR-37414-28097,Christopher Ross,1527.0,176.0
SR-13920-71077,Susan Rodriguez,625.0,145.0
DL-91111-23195,David Lopez,599.0,80.0
JB-13379-58775,Joseph Brown,290.0,55.0
TJ-90256-16375,Theresa Jarvis,8683.0,1472.0
MR-48320-99436,Matthew Rogers,484.0,102.0
DP-10852-61545,Diane Powell,764.0,160.0
JA-66726-72349,Joshua Adams,1081.0,109.0
SC-14661-97470,Sierra Carter,151.0,29.0
AM-34188-18740,Amanda Mcdaniel,836.0,153.0
WS-97293-75907,Willie Salinas,7403.0,1952.0
MH-51505-53430,Marc Hughes,204.0,20.0
EW-31677-25561,Erik Walker,1039.0,214.0
AK-31865-22255,Ann Knight,5971.0,847.0
VM-40747-70738,Valerie Morse,387.0,84.0
KM-21898-48976,Kim Mills,310.0,59.0
RS-24260-81785,Regina Smith,927.0,199.0
KL-68809-86421,Kevin Lewis,12053.0,1965.0
LC-35760-23085,Laura Chapman,303.0,65.0
LW-94372-66329,Laurie Warren,3014.0,620.0
FW-81237-19821,Francisco Williams,463.0,30.0
SW-43664-96889,Shawn Williams,387.0,53.0
LF-37018-26836,Lee Flynn,12172.0,2027.0
JB-17619-46263,Jacqueline Bishop,457.0,62.0
EW-44807-97733,Elizabeth Webster,374.0,93.0
MB-31135-36427,Michele Bradley,287.0,79.0
DJ-53048-77621,David Johnson,1285.0,313.0
LM-55123-31300,Lisa Morrison,417.0,30.0
AV-44542-58682,Anna Vasquez,92.0,16.0
RH-98141-43184,Richard Hodges,13100.0,1550.0
JJ-29204-19727,Joshua Johnson,776.0,94.0
FM-44054-88743,Frank Martinez,474.0,76.0
PH-74810-28516,Paul Hoover,386.0,46.0
LR-62229-43233,Laurie Reid,235.0,50.0
KH-72267-53213,Kathryn Ho,9840.0,1407.0
RH-21896-73779,Raymond Huynh,2344.0,511.0
MC-53513-63049,Mark Conway,108.0,6.0
LB-97221-95864,Lori Barton,493.0,123.0
TC-53461-97129,Taylor Charles,760.0,131.0
KB-25214-46856,Kevin Bridges,1617.0,286.0
JG-84827-19411,Jennifer Galvan,524.0,86.0
TA-92985-33245,Timothy Ali,393.0,87.0
MR-52936-28590,Michael Rodriguez,489.0,55.0
NW-80343-89219,Nicholas Williams,8320.0,1852.0
JT-61666-10050,Jacob Tucker,7058.0,1287.0
DC-98246-55227,David Coffey,279.0,71.0
SY-51424-56046,Susan Yoder,544.0,75.0
CM-82032-27024,Charles Meyer,2415.0,408.0
ED-49130-35743,Eric Dorsey,372.0,36.0
JC-92210-58105,James Choi,5309.0,942.0
BR-93718-48997,Brittany Roberts,851.0,131.0
AF-97145-70480,Aaron Fox,10783.0,1776.0
AS-46797-68284,Andrew Smith,1088.0,157.0
ER-90521-22727,Edward Rivera,8765.0,1580.0
BR-42324-16956,Brenda Robinson,1214.0,286.0
KG-25599-30834,Kaitlyn Grant,325.0,62.0
CT-53074-60289,Christina Thomas,8493.0,1069.0
RD-33028-52973,Robert Davidson,429.0,113.0
KP-33991-58952,Kristen Perez,1116.0,210.0
LL-83609-36305,Luis Lawrence,1451.0,226.0
KB-26585-44503,Kristine Black,284.0,15.0
DB-55814-15624,Devin Barnes,1022.0,189.0
JD-28462-51493,Janice Jensen DVM,630.0,159.0
MC-47055-15343,Michael Carpenter,274.0,66.0
BH-25422-75381,Brian Hickman,1429.0,117.0
TM-85542-74099,Tonya Miller,214.0,32.0
NB-44403-40490,Nichole Baker,10795.0,2080.0
VC-21023-33785,Virginia Cruz,1999.0,210.0
KJ-57869-15756,Kevin Jimenez,656.0,78.0
BM-88382-76066,Bradley Meyer,1814.0,296.0
JW-87079-21699,John Washington,2619.0,512.0
CH-32925-84053,Cory Harding,1304.0,212.0
JR-68583-16433,James Reed,400.0,64.0
ES-91219-97096,Ellen Sandoval,896.0,127.0
AP-65879-63004,Andrea Pearson,474.0,80.0
AM-50843-45248,Angela Moore,93.0,26.0
AM-15381-41808,Ashley Morris,1308.0,301.0
AR-91671-72735,Angela Richardson,1704.0,351.0
MM-65693-65417,Monique Moody,6790.0,1038.0
KO-38256-70863,Katrina Owens,1036.0,249.0
LF-28864-11260,Lynn Ford,300.0,60.0
JR-22704-17974,Jonathan Reyes,9949.0,1693.0
CR-25870-54245,Cindy Rosario,1332.0,312.0
DM-26287-16020,Diana Mathews,232.0,60.0
EC-13283-65711,Edward Clarke,731.0,149.0
DC-13875-69200,Daniel Clark,196.0,54.0
JH-12814-91509,Janet Hernandez,27118.0,4502.0
JS-32040-56861,John Schneider,2488.0,315.0
MM-47930-75484,Michael Mathis,1550.0,304.0
AL-71697-31133,Alexander Lopez,1243.0,240.0
WW-13877-69238,William Wolfe,715.0,144.0
JF-13405-91471,Jared Fowler,1791.0,204.0
TB-86950-53558,Travis Barajas,576.0,73.0
KH-74249-50930,Kenneth Hardy,1623.0,236.0
RV-22023-71984,Rachel Valenzuela,691.0,150.0
JW-44026-68083,Jennifer Wagner,529.0,110.0
KW-21848-74358,Kevin White,11827.0,1094.0
DR-20277-81796,Debbie Reed,928.0,197.0
EF-72583-36407,Emily Flores,734.0,50.0
LD-23539-36640,Laura Davis,61.0,17.0
CP-22612-61010,Cheyenne Pruitt,599.0,84.0
MC-37916-58294,Mr. Richard Cunningham,397.0,108.0
MS-17419-42012,Melissa Singleton,839.0,153.0
TM-62099-77379,Thomas Matthews,452.0,124.0
AN-45964-87600,Aaron Newton,368.0,39.0
NB-23067-46234,Nicole Barnes,10287.0,1986.0
RB-43707-55137,Robin Bauer,10446.0,1896.0
JA-50026-77928,John Anderson,245.0,40.0
TK-40967-56078,Tyler Kline,402.0,106.0
BD-53067-96657,Brittney Davis,11195.0,1726.0
HL-92306-83108,Hannah Leon,721.0,145.0
DB-48667-39240,Dawn Brown,3964.0,596.0
JH-40674-45293,Joshua Horton,1870.0,356.0
MW-62325-49685,Matthew White,1391.0,235.0
JM-85025-36068,Jesus Mccormick,1244.0,217.0
KL-94468-31648,Kimberly Love,14142.0,3036.0
AS-57907-79442,Abigail Snow,7659.0,1486.0
TD-19582-43190,Tara Day,1949.0,453.0
SW-35229-37410,Stephen White,114.0,21.0
HW-58892-33751,Heather Washington,642.0,117.0
JH-88434-61692,John Henry,1079.0,94.0
AH-45642-30889,Anthony Hayden,555.0,68.0
JW-51946-58564,Jason Wilson,9749.0,1703.0
KH-49952-87311,Kyle Hill,1270.0,218.0
JE-86975-96160,Joshua Edwards,2566.0,297.0
AS-70703-66515,Amanda Smith,12985.0,2179.0
CC-26323-24682,Cathy Cabrera,1328.0,259.0
SA-93460-27427,Sarah Andrade,853.0,117.0
JV-62441-11737,Jennifer Velasquez,5619.0,971.0
JW-71078-16861,Jerry Williams,416.0,90.0
BJ-78736-69546,Bruce Jones,1757.0,247.0
VW-69938-74646,Vanessa Walsh,6921.0,1142.0
MD-78022-59139,Mr. James Dalton,3855.0,1049.0
SL-56355-88936,Sandra Levy,535.0,118.0
CM-37744-98776,Carrie Mercado,686.0,84.0
JM-34431-97931,Julie Moran,1038.0,196.0
CR-36910-47848,Christopher Rivera,1135.0,315.0
BB-48954-56259,Benjamin Brown,1463.0,230.0
JC-67978-35534,John Carlson,217.0,14.0
KJ-31714-59838,Katherine Jimenez,9557.0,1503.0
JT-92248-89924,Juan Tran,9625.0,1712.0
JT-53589-17411,Jeremy Townsend,964.0,158.0
KM-14906-67054,Karen Moran,822.0,161.0
KR-11517-55696,Kimberly Robles,4942.0,930.0
LM-71036-30741,Lisa Mccarthy,8249.0,1863.0
SS-91350-69941,Sarah Smith,364.0,35.0
CH-69804-19987,Cheryl Hudson,2511.0,547.0
KB-35601-71503,Keith Butler,2080.0,361.0
JC-88849-63194,Joseph Cummings,571.0,93.0
MW-94316-42865,Michael Williams,1040.0,289.0
MA-20829-73035,Michelle Ayala,678.0,111.0
LP-84221-84451,Linda Perry,10028.0,1613.0
DR-18857-44021,Donald Richard,455.0,62.0
BR-81770-82277,Benjamin Rogers,1027.0,224.0
JS-47223-59730,John Shaw,8442.0,1627.0
RL-62308-15081,Rebecca Lewis,895.0,193.0
TM-45428-66082,Tina Morris,854.0,188.0
RK-10785-24680,Robert Kane,289.0,77.0
JS-93427-27684,John Smith,426.0,102.0
DD-43249-16220,Danny Duncan,1677.0,216.0
DB-37159-17875,Dennis Brown,10979.0,1950.0
KB-52106-74897,Kenneth Barnes,1061.0,137.0
MW-66953-14649,Manuel Wagner,541.0,139.0
JS-63671-52161,James Sullivan,376.0,58.0
JD-97137-81319,Joshua Davis,444.0,101.0
GR-10960-19749,Gerald Raymond,655.0,142.0
MP-85974-51598,Michelle Patterson,606.0,160.0
JG-43180-63507,Jacob Galloway,5684.0,785.0
RJ-65105-92808,Rachael Jensen,3573.0,765.0
TA-71219-36485,Teresa Abbott,674.0,151.0
SD-39238-45479,Sara Davis,1655.0,345.0
DP-43932-75817,Dr. Rebecca Parsons,12137.0,2738.0
CS-35747-80222,Cindy Smith,658.0,151.0
PM-24542-68332,Pamela Martin,17518.0,4135.0
SJ-27212-94418,Sherri Jackson,100.0,7.0
JA-29706-14885,Justin Acosta,344.0,70.0
WG-66025-12933,William Galloway,12269.0,2530.0
TD-54495-29348,Terry Dean,702.0,117.0
MB-63271-60176,Michael Brown,379.0,105.0
KC-79787-71003,Karen Castillo,14675.0,2841.0
PM-77288-77322,Pamela Mccall,9666.0,1624.0
KP-75178-64564,Kelly Preston,1939.0,316.0
KT-34945-40419,Katie Taylor,2013.0,410.0
OB-67972-91284,Olivia Bryant,959.0,198.0
DL-50174-41831,Debra Lynch,9418.0,1589.0
DK-40131-81624,Debra Keller,464.0,115.0
AE-11434-56276,Ashlee Evans,1419.0,170.0
KW-41422-87124,Krista White,7590.0,1202.0
JF-72867-95874,Joshua Fisher,9329.0,1607.0
MM-44277-10809,Michelle Martin,723.0,148.0
LW-72633-61449,Louis Williams,1080.0,176.0
ID-89249-69065,Ian Duran,1940.0,404.0
AP-92526-88189,Adam Perez,106.0,20.0
VM-99235-44332,Vincent Moore MD,1591.0,361.0
CJ-74871-83145,Christopher Jones,1061.0,186.0
BH-15574-59291,Bethany Hale,1278.0,158.0
EG-63457-82584,Erin Gentry,329.0,76.0
MW-72339-81967,Mary Williams,6764.0,1007.0
JW-43949-82597,Julia Wall,814.0,157.0
JB-75728-47458,Jeremy Bryant,8065.0,1500.0
DR-35775-13169,Donna Richardson,7785.0,1970.0
CF-23571-16905,Crystal Fields,665.0,114.0
MS-69134-71358,Molly Stafford,959.0,146.0
KL-88915-72536,Kenneth Lynch,663.0,62.0
JA-49772-68138,Jennifer Anderson,975.0,155.0
JM-44694-97211,Jennifer Moore,476.0,119.0
SS-67911-99325,Sean Smith,743.0,130.0
EJ-84353-87862,Elizabeth Johnson,890.0,155.0
SR-47153-61203,Steven Rogers,2424.0,524.0
TC-25132-63966,Troy Clark,9019.0,1784.0
VF-58822-14723,Victoria Fischer,1237.0,196.0
RP-12397-90015,Robert Payne,1043.0,258.0
DD-80186-56389,Dana Daniels,768.0,122.0
MS-62015-94410,Matthew Smith,4066.0,747.0
AW-88865-69564,Austin White,81.0,23.0
SR-55677-85138,Shannon Robinson,2260.0,263.0
AS-39964-51253,Anna Stuart,10355.0,970.0
RC-96501-27406,Robert Clark,351.0,45.0
AP-40648-67351,Aaron Perkins,835.0,153.0
CB-51717-90734,Christine Barnes,1565.0,285.0
JG-57765-17675,James Gilbert,2339.0,315.0
FG-90739-35466,Francisco Gray,247.0,32.0
MJ-99001-34008,Melissa Johnson,933.0,77.0
JB-49978-45342,Jennifer Brown,818.0,187.0
MC-79274-22768,Mr. Jose Chan,1445.0,197.0
TA-11372-13174,Tiffany Alexander,1694.0,265.0
MH-84948-90001,Madeline Herrera,618.0,163.0
RS-16032-88617,Ronald Spence,114.0,23.0
RM-34072-31806,Richard Murphy,487.0,64.0
SW-51446-12249,Samantha Woods,222.0,11.0
JG-58597-77600,Jay Garcia,7493.0,1222.0
AS-77661-28099,Angelica Sanchez,1440.0,246.0
CM-39238-68099,Carol Miller,942.0,115.0
TT-61212-79259,Timothy Taylor,395.0,51.0
EB-21244-86663,Ebony Barrett,441.0,123.0
JR-78902-74423,John Romero,7723.0,1463.0
JR-55055-36729,Jose Ramirez,864.0,139.0
ST-67018-36846,Samantha Taylor,888.0,108.0
MS-83231-91265,Madison Sanford,494.0,83.0
JT-19237-80891,Joseph Thomas,811.0,113.0
EW-41934-66652,Elizabeth Walton,590.0,56.0
CC-96929-48578,Cassandra Carter,2293.0,421.0
JM-47723-87312,Jean Mcdaniel,5107.0,660.0
JW-53538-92252,James Wilcox,240.0,13.0
MS-35649-89589,Mathew Sandoval,165.0,25.0
RC-56764-63326,Ryan Cross,983.0,151.0
JR-53349-44039,Jessica Rice,365.0,35.0
MP-98991-99745,Mr. Christopher Powers,501.0,71.0
HK-66071-94725,Hector King,11229.0,1870.0
BR-49349-73623,Brandi Rodriguez,160.0,25.0
MD-19860-48706,Mary Armstrong DDS,777.0,70.0
RK-16202-42675,Richard Knight,13784.0,2245.0
BB-28392-94692,Bobby Brown,553.0,115.0
DT-77485-71921,David Trujillo,363.0,50.0
PS-44883-29727,Patrick Stone,1098.0,188.0
CP-37638-39441,Christopher Patterson,1935.0,556.0
JW-66761-26741,Jimmy Williams,2282.0,397.0
CP-65380-86588,Cynthia Proctor,258.0,31.0
TW-95731-88532,Timothy Williams,1863.0,390.0
RJ-38030-68767,Richard Johnston,3449.0,322.0
TR-20197-49518,Taylor Roberts,381.0,81.0
KS-94669-16769,Keith Stewart,1499.0,340.0
MD-69126-60685,Mrs. Katie Bennett DDS,833.0,109.0
PB-98025-48602,Philip Brooks,402.0,43.0
CG-15352-90509,Christopher Garcia,954.0,188.0
KS-57828-40095,Kristen Sutton,730.0,147.0
HW-53592-89362,Heather Wallace,1232.0,112.0
AM-59663-40874,Anna Morgan,484.0,53.0
SM-16372-52113,Sara Johnson MD,540.0,102.0
MJ-30715-86594,Mrs. Colleen Jones,5783.0,957.0
AB-51822-64244,Andrea Bradley,890.0,118.0
JK-32113-52990,James King,272.0,72.0
JG-71269-56683,Jeffrey Garza,921.0,173.0
AA-90070-47133,Amy Allen,11590.0,1667.0
MD-84079-67995,Michelle Figueroa DDS,1642.0,393.0
MJ-41307-29234,Micheal Jackson,1092.0,266.0
SN-26752-67399,Scott Nunez,1658.0,221.0
KC-69559-83401,Kimberly Cohen,1362.0,188.0
AS-99845-47856,Angela Short,671.0,52.0
JB-92832-50489,Jacob Brown,366.0,61.0
JC-60859-55842,Jennifer Collier,382.0,27.0
ER-67100-64742,Edward Rodriguez,2960.0,466.0
AF-47375-78331,Amy Fisher,553.0,118.0
MW-32845-18237,Mary Wilson,236.0,56.0
JW-43871-76584,Jessica Williams,374.0,57.0
CM-28543-61207,Crystal Mendoza,209.0,37.0
TM-47528-31460,Tiffany Morgan,1000.0,153.0
EC-80838-27576,Elizabeth Cook,221.0,49.0
JW-48441-83195,Jacob Wilson,371.0,47.0
RW-96888-87391,Robert Walker,804.0,92.0
MC-93340-96539,Marie Castro,156.0,20.0
TB-24317-92665,Trevor Barrera,10710.0,1865.0
MZ-89654-81325,Matthew Zamora,8924.0,1760.0
KD-44074-18770,Katherine Maxwell DVM,1827.0,279.0
JT-70943-85771,Jerry Tyler,281.0,30.0
ES-74469-96536,Elizabeth Stephens,497.0,45.0
SG-64978-34379,Samantha Gutierrez,105.0,18.0
BH-19437-35235,Bernard Hurst,218.0,62.0
RJ-89296-94216,Robin Jones,472.0,100.0
AJ-93020-18453,Angela Johnson,696.0,124.0
KW-17833-71168,Kathy Wright,481.0,45.0
RW-95289-50982,Robin Wright,8030.0,1390.0
KD-80860-62259,Kristie Miller DDS,1028.0,165.0
MT-71089-26017,Melvin Turner,788.0,105.0
SW-81883-84197,Stephen Williams,526.0,46.0
PH-15148-97631,Paula Hunter,418.0,114.0
KB-99925-95628,Kristy Barrett,457.0,135.0
KB-30500-14352,Kristie Brown,318.0,65.0
CM-16539-97157,Christopher Meyer,479.0,38.0
DP-17251-97315,Dennis Ponce,602.0,147.0
MN-79460-37190,Mercedes Nguyen,13731.0,2934.0
DA-10327-99803,David Anderson,429.0,111.0
CF-20221-79231,Carla Fletcher,624.0,137.0
GD-38034-88937,Gloria Dominguez,6383.0,1030.0
DW-91675-20540,Donald Washington,815.0,184.0
CC-28100-50212,Chelsea Coleman,1617.0,268.0
DH-62302-12674,Dylan Herrera,4547.0,766.0
MC-24779-33820,Melissa Chang,333.0,38.0
TH-24388-29241,Theresa Harrington,144.0,8.0
KC-41815-20002,Kevin Campbell,2285.0,399.0
BJ-55998-92334,Barbara Jackson,497.0,27.0
IL-28990-34855,Isaac Larson,1174.0,181.0
SC-79789-51865,Samuel Cohen,254.0,27.0
PB-66968-44088,Phillip Barrett,9134.0,1976.0
BJ-12082-13975,Brittney Johnson,676.0,116.0
JR-59775-88301,Jacob Robinson,439.0,36.0
JM-34139-55885,John Mcbride,579.0,40.0
SP-59468-17247,Stephanie Perez,1096.0,107.0
SK-61094-56832,Scott Kerr,593.0,103.0
JO-96837-80658,John Oconnell,456.0,132.0
JL-14660-21871,Jennifer Love,9207.0,1800.0
JP-25810-58990,Jasmine Patterson,2378.0,569.0
AJ-80003-30872,Allen Johnson,382.0,84.0
TM-78115-40544,Tamara Macias,172.0,39.0
SG-61907-99107,Sydney Gordon,1326.0,159.0
LG-26565-55181,Lauren Galvan,1598.0,145.0
JB-92151-98180,Joshua Barnett,86.0,4.0
IB-60679-15784,Isabel Brady,1543.0,184.0
JM-55023-75074,Jamie Douglas MD,799.0,142.0
MM-92327-15356,Mia Moses,1074.0,156.0
JS-13367-84396,Justin Shaw,1007.0,173.0
AM-23847-45296,Ashley Mcdowell,352.0,94.0
SA-46248-17168,Sean Abbott,6703.0,1108.0
KD-28999-68782,Katelyn Hunter DDS,8356.0,1552.0
SC-70401-51161,Shelly Clark,277.0,21.0
DF-93578-35042,Diane Farley,1369.0,229.0
CC-10242-39976,Chelsea Castillo,411.0,115.0
DS-78854-13198,Daniel Smith,21746.0,3326.0
CM-42964-40590,Christie Mason,75.0,17.0
SS-50996-13953,Sarah Sanchez,1101.0,129.0
JB-19468-97984,Judy Butler,8795.0,595.0
KL-14617-98574,Kathryn Lewis,306.0,77.0
AR-91470-70276,Alexis Ramirez,802.0,193.0
JH-35390-82496,James Hamilton,865.0,170.0
SC-34796-96614,Samuel Cunningham,319.0,85.0
BC-61430-37884,Brandon Charles,354.0,59.0
MC-62370-86426,Marcus Chavez,443.0,80.0
VF-13613-15486,Victor Fuller,23445.0,3379.0
CC-82361-19560,Carol Copeland,815.0,109.0
AR-32369-44778,Andrew Ryan,157.0,17.0
BS-69755-86221,Brandon Smith,10611.0,1971.0
GS-48394-51443,Gabriel Sims,251.0,16.0
CD-18673-42483,Cassandra Davis,1789.0,274.0
AD-53104-58108,April Dickson,892.0,114.0
AD-54621-73816,Amanda Daniel,8191.0,1347.0
JW-14781-60670,Julie Welch,994.0,69.0
MC-71553-11823,Mary Casey,6995.0,1420.0
BS-21946-85447,Brian Shaw,1418.0,254.0
SR-79371-90423,Spencer Reid,1180.0,270.0
ED-16980-15622,Erin Donaldson,678.0,135.0
TW-51023-85279,Timothy Whitney,852.0,154.0
MS-37071-89705,Mark Smith,9272.0,1244.0
PC-84226-98707,Paul Casey,652.0,76.0
MF-31807-93329,Michael Foley,1799.0,294.0
BD-26370-38738,Brittney Davis,13285.0,1604.0
TG-70952-89243,Taylor Grant,4594.0,765.0
LH-14768-87242,Lauren Hoover,664.0,163.0
TM-13512-49933,Tara Mitchell,800.0,237.0
NB-10105-26331,Nicholas Burke,2087.0,538.0
SS-25256-50777,Stephanie Smith,6885.0,1062.0
CT-80601-37720,Courtney Turner,795.0,216.0
CG-13908-44483,Cindy Gillespie,10021.0,1862.0
AW-59007-65512,Amy Wagner,382.0,81.0
PG-58760-92306,Peter Gordon,11480.0,2093.0
AM-67647-57944,Andrew Murphy,503.0,119.0
LL-34422-52227,Linda Lewis,447.0,69.0
SK-89120-32680,Stacey King,949.0,139.0
FC-67162-93931,Francisco Cook,6627.0,1508.0
LM-90549-71710,Lucas Martin,647.0,121.0
TW-94605-13529,Timothy Wood,1325.0,114.0
SW-78318-39588,Sabrina Werner,8080.0,1295.0
AW-99922-35555,April Weaver,394.0,79.0
CD-70632-20669,Christian Daniels,762.0,186.0
RG-82075-39607,Ruben Gilbert,757.0,105.0
CR-15718-82552,Clinton Rose,326.0,36.0
BB-66051-48828,Brian Brooks,790.0,94.0
MR-93608-89170,Miranda Robinson,7202.0,1274.0
MB-82366-67871,Ms. Tina Booker,1328.0,257.0
TG-26799-33775,Timothy Grant,445.0,90.0
MB-17372-76267,Michael Burton,1346.0,234.0
MC-58997-73332,Mary Carson,599.0,113.0
MR-52905-81968,Matthew Reed,5303.0,953.0
PR-20933-59015,Peter Romero,1079.0,165.0
BM-56136-75784,Brianna Fleming MD,2524.0,316.0
CC-91341-21112,Christian Camacho,2088.0,477.0
BG-98445-22065,Brent Gonzales,331.0,90.0
AD-19722-90650,Ashley Davis,610.0,61.0
BR-25028-23023,Brandon Rivera,2997.0,437.0
JD-92768-47263,Jennifer Duncan,14763.0,3084.0
JL-10727-54476,Jennifer Lester,5257.0,354.0
AR-83394-30787,Alejandro Rodriguez,5696.0,935.0
AB-66109-44629,Amber Brown,1756.0,245.0
JV-26994-64965,Justin Vaughn,9027.0,1419.0
MH-34160-66908,Michael Herrera,750.0,130.0
SL-97004-42104,Susan Lee,286.0,51.0
JC-92380-95989,Jason Cooper,115.0,18.0
MK-53684-37421,Michael Kirk,340.0,43.0
SM-22911-55562,Sheila Miller,575.0,117.0
DW-61656-48694,Darrell Weeks,920.0,128.0
KD-84502-22565,Kyle Davies,1169.0,150.0
RR-52186-72870,Robert Rich,2114.0,412.0
EF-82133-64486,Erin Fisher,884.0,130.0
KW-17513-97932,Karen Walsh,559.0,61.0
JW-57371-77311,Jaime Williams,11377.0,1733.0
LS-27235-28926,Linda Stevens,1605.0,150.0
NW-56562-44450,Nicole Watson,632.0,83.0
HG-65449-76607,Hannah Greene,2395.0,285.0
PG-80395-27825,Paul Gutierrez,450.0,61.0
WS-46433-43212,William Smith,154.0,37.0
BW-75907-31796,Brent White,3076.0,743.0
KJ-64249-72185,Kimberly Jackson,394.0,47.0
DH-96015-16433,Deborah Hoffman,778.0,144.0
KC-29800-79989,Kevin Cabrera,639.0,146.0
MP-43759-56425,Mckenzie Paul,720.0,148.0
JJ-98176-76071,Jennifer Jones,7790.0,1280.0
JH-46415-60737,Jason Hunter,342.0,23.0
JS-83190-59007,Jessica Shannon,726.0,129.0
CP-51947-50411,Crystal Padilla,523.0,132.0
RT-47098-68190,Reginald Thomas,207.0,51.0
MS-21736-85697,Marilyn Smith,1521.0,299.0
JV-43202-98880,Jacqueline Vincent,1806.0,274.0
AV-17948-60911,Alexa Vazquez,1337.0,189.0
TF-38160-99779,Timothy Fuller,674.0,130.0
MJ-92871-14302,Mark Johnston,1583.0,340.0
MM-55666-96142,Mr. Andrew Turner MD,593.0,76.0
JD-40537-68232,Joshua Decker,982.0,209.0
CR-12533-92959,Christine Rodriguez,17692.0,3126.0
JJ-65350-62698,Jennifer James,817.0,119.0
TM-62967-47881,Thomas Maxwell,1484.0,204.0
DW-79721-90222,Donald Wright,876.0,192.0
RR-30171-18800,Robert Reed,284.0,41.0
LS-97728-72712,Lisa Stuart,1971.0,295.0
DM-13895-80343,Donna Mcdaniel,867.0,229.0
CG-65752-74808,Christopher Gonzalez,7081.0,727.0
KR-70781-31406,Katrina Robinson,8289.0,1603.0
CE-42821-81916,Carol Evans,781.0,81.0
KC-95384-64418,Kimberly Carter,6074.0,1239.0
KM-22423-12294,Kelly Mullen,1447.0,359.0
AC-85864-30556,Ariel Castaneda,8502.0,1386.0
EL-26024-53533,Eduardo Larson,98.0,21.0
JF-89883-51826,Jesse Fields,758.0,173.0
CR-61676-59330,Christine Ross,224.0,37.0
JT-71950-16085,Joseph Terry,8396.0,1590.0
SR-56212-61961,Shannon Robinson,1098.0,192.0
DJ-59041-43493,Danielle Jones,7474.0,1395.0
NB-27792-93866,Natasha Bennett,555.0,138.0
SD-44074-28664,Sarah Douglas,1619.0,257.0
WS-16907-49817,William Sanders,499.0,69.0
CH-36839-80163,Charles Harris,10438.0,2250.0
LC-64489-60823,Lacey Callahan,10387.0,1848.0
LM-70715-91384,Laura Mckenzie,9141.0,1718.0
EW-70356-23453,Ethan Warner,1088.0,138.0
MM-14228-89378,Melissa Medina,371.0,59.0
KB-98360-98236,Kimberly Burgess,1020.0,201.0
JT-60049-18498,John Tucker,934.0,188.0
AR-50830-90147,Andrew Richardson,776.0,121.0
JB-23492-98778,Johnny Barry,763.0,150.0
VP-79745-74147,Vanessa Patterson,2024.0,356.0
LM-61398-88351,Laura Moore,606.0,117.0
MF-82077-82585,Megan Ferguson,1766.0,121.0
WO-66918-38320,Warren Ortiz,939.0,165.0
MP-91043-37028,Manuel Mathis PhD,120.0,23.0
CH-53689-25067,Christine Howe,227.0,36.0
JH-19567-20394,Jennifer Hansen,9945.0,1920.0
RH-51860-70604,Rebecca Henson,66.0,13.0
MB-10536-18232,Michael Brown,570.0,150.0
TP-92598-48321,Tom Poole,1386.0,179.0
MD-70922-71899,Maria Dyer,435.0,118.0
EC-66558-37011,Eddie Cooper,134.0,36.0
EN-16320-35022,Emily Nguyen,5864.0,1188.0
LD-21761-84010,Levi Davis,481.0,103.0
LL-63802-24957,Laurie Lawrence,1010.0,146.0
RB-98733-54892,Ryan Brown,1227.0,250.0
TK-77404-21224,Troy King,949.0,160.0
JW-81235-95102,Joshua Williams,486.0,131.0
FH-15304-33692,Frank Hernandez,297.0,34.0
MW-86582-99490,Mrs. Cynthia Williams,880.0,181.0
JB-11220-77835,Jason Berry,490.0,91.0
SP-87315-88176,Steven Parker,474.0,57.0
CK-58888-79222,Cory King,1350.0,259.0
TB-43284-61503,Travis Bennett,15529.0,2644.0
MB-17076-64347,Ms. Kristi Beck,12143.0,2329.0
RC-40190-85403,Roger Crawford,17493.0,2932.0
MH-36850-77742,Matthew Hanson,14557.0,2365.0
JG-42515-69246,Jesse Grant,638.0,90.0
SL-77423-84641,Samantha Lawrence,1064.0,227.0
JM-29805-76278,Joshua Meyer,1008.0,193.0
LR-61475-41221,Linda Ramsey,672.0,154.0
DP-26245-32511,David Pierce,1408.0,315.0
KS-83590-33961,Keith Saunders,520.0,147.0
KW-34950-11395,Kristin Wells,869.0,153.0
KS-62964-50819,Kevin Scott,254.0,59.0
LP-50669-98759,Lindsay Phillips,8028.0,1128.0
RW-71963-90053,Robert Wagner,1964.0,349.0
PS-93561-47089,Perry Swanson,588.0,101.0
LP-11034-83554,Logan Pena,2305.0,446.0
MW-89914-68617,Mary Williams,732.0,150.0
AJ-71206-77364,Amanda Jones,375.0,83.0
DP-88859-66896,Dr. David Peck,477.0,96.0
JP-97923-38914,Jared Pollard,1227.0,200.0
BK-15321-54858,Barry Kennedy,266.0,29.0
EK-40874-46672,Emily King,521.0,114.0
KS-62828-90774,Katherine Sullivan,136.0,20.0
MW-11021-76821,Maurice Webb,170.0,26.0
PG-53631-45637,Paula Glover,829.0,137.0
LB-68038-93656,Larry Bowen,1248.0,183.0
JR-14523-85549,Jacob Rogers,881.0,118.0
EW-51317-48871,Ellen Wolfe,993.0,188.0
KM-15037-12350,Kim Martin,824.0,137.0
PN-98877-39897,Pamela Newman,246.0,60.0
JG-14294-80193,Jeff Griffith,662.0,154.0
RC-14368-90717,Ryan Clark,650.0,131.0
DD-66284-24796,Darlene Davis,8308.0,1526.0
JS-32705-93637,Joshua Scott,237.0,13.0
VW-81498-94732,Vicki Webster,476.0,128.0
SW-16809-16100,Samantha Wilson,6510.0,1084.0
BM-50024-45974,Bobby Munoz,2420.0,443.0
DH-16235-40097,Dawn Herrera,828.0,100.0
JO-51927-64397,Joshua Oneal,73.0,11.0
KJ-43033-94252,Kristy Joseph,181.0,45.0
CN-46543-51498,Christine Nelson,766.0,124.0
JS-74623-50319,John Sellers,8695.0,1298.0
NM-76320-57035,Nicole Martin,786.0,181.0
SK-53149-35485,Susan Kennedy,342.0,48.0
AR-54616-18129,Adrian Riley,738.0,124.0
BS-23985-97024,Brianna Schmidt,1065.0,153.0
VD-21282-27769,Valerie Burgess DVM,500.0,57.0
DR-52343-66250,Dawn Reynolds,8721.0,1481.0
BM-55719-26245,Brian Morgan,1306.0,257.0
RS-44058-58827,Rebecca Santos,99.0,6.0
JP-29701-33671,Jason Preston,217.0,54.0
AT-53469-88220,Austin Thomas,285.0,67.0
LO-53934-71025,Lauren Osborn,839.0,116.0
SF-40358-89607,Stacey Fields,13671.0,2270.0
JH-11412-46584,Jennifer Hernandez,819.0,94.0
WG-31735-49977,William Goodwin,1323.0,235.0
LG-62027-39039,Loretta Gay,940.0,176.0
HC-36292-60583,Heather Cook,68.0,10.0
BP-38738-94734,Brian Perry,1717.0,277.0
TM-21726-88634,Tammy Martin,3023.0,599.0
DC-97651-45358,Dawn Cantrell,1341.0,252.0
DN-47991-76734,David Nelson,579.0,61.0
MH-61235-34216,Margaret Hill,424.0,66.0
AC-42556-45067,Anthony Castro,1467.0,254.0
JW-54289-66953,Jacqueline Williams,6765.0,1269.0
MD-40363-13959,Mike Dunn,12313.0,2137.0
TW-75902-46007,Tamara Wolfe,1814.0,208.0
CM-36189-64793,Christina Marks,11112.0,2118.0
LS-95116-52637,Louis Smith,9396.0,1827.0
MK-84547-65030,Michelle Kirby,9886.0,1729.0
MH-98939-76487,Michelle Henderson,190.0,27.0
SR-49634-64858,Sheila Ramos,228.0,51.0
MJ-49901-91291,Mrs. Lindsey Jackson,1160.0,261.0
JS-60621-46541,Jenny Simmons,1040.0,145.0
DK-19234-49079,David Khan,353.0,76.0
CA-16638-48333,Cynthia Allen,445.0,79.0
TD-51357-13695,Tina Duncan,305.0,59.0
BT-53945-42257,Brianna Taylor,357.0,54.0
LH-50102-78667,Linda Huber,10875.0,1684.0
MG-14271-73951,Meredith Gomez,659.0,141.0
LG-90899-33706,Leah Gonzalez,128.0,9.0
MS-71629-73049,Marcus Smith,407.0,76.0
MG-73888-62524,Martin Gonzalez,792.0,132.0
CS-60671-30827,Cole Sanchez,475.0,83.0
CD-42690-58975,Cindy Lamb DDS,494.0,146.0
TG-99974-77347,Tyler Graves,165.0,37.0
RB-76471-19298,Robert Bradford,384.0,61.0
TT-95677-45237,Tom Taylor,211.0,25.0
PF-38244-65640,Pam Frazier,105.0,21.0
CB-61844-96371,Craig Bell,162.0,44.0
MS-88732-23779,Margaret Scott,2424.0,438.0
BJ-21325-22457,Bob Johnson,1281.0,185.0
GH-56462-99789,Gwendolyn Hartman,7042.0,1321.0
VM-41832-48521,Valerie Myers,10335.0,2059.0
RM-38557-39076,Rebecca Murillo,7548.0,1101.0
RS-38839-33708,Rebecca Shelton,290.0,27.0
DK-18603-33453,David King,944.0,159.0
RR-41481-53941,Ruben Reynolds,57.0,5.0
MM-52674-43944,Megan Miller,703.0,178.0
DH-80511-27469,Donna Hawkins,473.0,58.0
CR-46423-40691,Caroline Rodriguez,8037.0,1102.0
TC-61553-48595,Tina Cortez,1319.0,265.0
MA-86269-12801,Mr. Manuel Anderson,13212.0,2101.0
LK-88356-31215,Latasha Kelly,277.0,46.0
AJ-92962-76580,Ashley Johnson,477.0,27.0
RS-43214-89082,Renee Singh,491.0,84.0
AC-58205-37364,Angela Collins,1253.0,164.0
BJ-84977-66505,Brian Jensen,478.0,77.0
EJ-61622-68147,Edward Jackson,1940.0,410.0
CC-54837-19128,Corey Cummings,569.0,83.0
CG-81241-91764,Charles Graham,1657.0,327.0
DY-25058-66969,Donald Yates,468.0,37.0
JM-43801-44743,Jennifer Mercer,15245.0,2869.0
JC-40972-77975,Jonathan Collins,1862.0,289.0
KC-55982-38565,Kathleen Cox,11069.0,2145.0
KT-62061-69364,Kathryn Thomas,9281.0,1601.0
SR-47088-67927,Sandra Ramirez,401.0,79.0
RR-16525-40153,Randy Reed,8707.0,1284.0
PF-61017-42038,Patricia Fletcher,227.0,44.0
MN-90173-20538,Michelle Nelson,2416.0,377.0
KW-54312-49133,Kristy Welch,92.0,13.0
RJ-66025-50222,Robert Jones,91.0,21.0
MW-97333-63218,Michael Wilson,172.0,16.0
AH-61123-59289,Andres Hernandez,664.0,136.0
EC-27633-80382,Emily Crane,327.0,44.0
MM-30866-41529,Michael Shelton MD,10499.0,2230.0
PR-47504-60242,Penny Reeves,1089.0,216.0
TL-10442-68990,Tracy Lee,1172.0,205.0
TH-71395-53337,Tracey Hutchinson,155.0,9.0
CB-98321-97836,Charles Boyd,2499.0,381.0
KL-35447-45707,Kim Lee,1207.0,201.0
KA-88242-87501,Kyle Arias,278.0,55.0
EW-80663-55794,Emily Weaver,2121.0,397.0
SP-84841-52941,Sean Perry,408.0,95.0
BM-39285-93095,Barbara Martinez,1233.0,252.0
EW-28245-15957,Elizabeth Wood,1984.0,283.0
TG-49571-61573,Thomas Gross,3183.0,400.0
SA-19986-72380,Sarah Anderson,316.0,82.0
SD-94256-34162,Samantha Stevens DDS,766.0,87.0
KF-11165-20095,Kelly Flores,473.0,104.0
AH-44525-71763,Amy Harris,371.0,110.0
JG-82405-35617,Jordan Gutierrez,278.0,52.0
KT-20402-83712,Katherine Terrell,7207.0,1408.0
DD-45447-37482,Dr. Cheryl Dixon,1104.0,156.0
DA-57835-28944,Deborah Alexander,2845.0,710.0
MF-38799-92781,Maria Fisher,635.0,113.0
TF-83187-98098,Theresa Floyd,1732.0,349.0
LL-96866-22754,Lisa Long,179.0,24.0
JJ-50608-28971,Jorge Johnson,1976.0,312.0
AD-70208-78656,Ashley Douglas,1198.0,220.0
JB-19866-90296,Justin Brown,16252.0,2480.0
PJ-56621-58542,Patricia Jimenez,424.0,105.0
SI-23402-53714,Shawn Ingram,860.0,142.0
AL-47363-67244,Anthony Lee,1199.0,268.0
TB-87978-93897,Tammy Bridges,15195.0,2884.0
KH-65325-45225,Kevin Hayden,1425.0,167.0
TC-32832-90154,Tiffany Cline,2385.0,500.0
AB-60906-37700,Amber Brown,1282.0,174.0
OH-61190-50101,Omar Hughes,918.0,179.0
AR-92738-13853,Anthony Rivera,7208.0,1525.0
RS-76239-79326,Ronald Sparks,8341.0,1309.0
MR-69723-43067,Mark Rose,263.0,62.0
BT-27693-88602,Blake Travis,964.0,167.0
DP-58449-49762,David Perez,995.0,197.0
MC-38066-65796,Michael Carpenter,455.0,72.0
LM-52162-40952,Lisa Banks MD,2086.0,140.0
AL-99596-32589,Amanda Lucas,1060.0,275.0
PM-51300-25048,Peter Morris,1880.0,470.0
NS-43500-72174,Nathaniel Stanley,424.0,113.0
MR-34666-45579,Michelle Rivera,1037.0,225.0
BR-74243-31172,Breanna Robinson,1022.0,141.0
DD-11937-12009,David Delgado,1275.0,202.0
RP-98888-46255,Robert Perry,764.0,148.0
KA-13837-63641,Keith Avila,118.0,8.0
MB-78484-16886,Maria Boyd,854.0,226.0
TM-95672-59694,Taylor Mills,388.0,86.0
LJ-71226-89032,Leslie Joyce,207.0,30.0
BF-63788-53091,Brooke Fields,3440.0,471.0
JA-43745-71062,Jill Adkins,390.0,45.0
NC-44629-96900,Nicholas Chan,13745.0,2694.0
KL-15241-90262,Kyle Lara,19333.0,4245.0
SB-82516-93364,Sarah Black,10419.0,1486.0
CC-12500-91299,Cheryl Chambers,715.0,105.0
JT-20295-33745,Justin Tucker,1176.0,248.0
MJ-17676-78999,Michelle Jones,11154.0,2285.0
JN-30740-73922,Julie Nelson,570.0,98.0
DR-65330-42716,Donald Ramos,292.0,77.0
LS-48721-71614,Lisa Smith,1903.0,266.0
AA-75174-17106,Alexis Adams,19014.0,1942.0
CR-29660-75491,Casey Raymond,1076.0,179.0
FA-73714-40284,Felicia Allen,187.0,30.0
SS-94076-45396,Sarah Smith,540.0,99.0
TP-28028-56426,Timothy Parks,7783.0,1306.0
MJ-40589-61125,Mario Jacobson,18632.0,3228.0
MA-88497-65472,Makayla Andrade,9565.0,2004.0
JS-48810-57778,Jennifer Stewart,1852.0,315.0
AC-33118-19824,Alexander Cobb,6530.0,1017.0
RR-87809-33469,Randall Reyes,19969.0,3712.0
RW-37423-90028,Ryan Walker,833.0,90.0
CG-46388-63392,Casey Gibson,464.0,68.0
KM-70773-53558,Kathryn Murray,667.0,66.0
JR-40962-24823,Jennifer Rivera,1024.0,80.0
JB-17667-26130,Jacob Bradford,373.0,41.0
JM-72088-22433,Jacqueline Miller,327.0,23.0
JP-60579-27058,James Patel,984.0,114.0
AR-39886-36746,Ashley Roberts,897.0,162.0
DW-15734-99859,Donald Williams,875.0,134.0
KB-88336-20644,Karen Bailey,651.0,124.0
TA-14201-34588,Thomas Ayers,683.0,166.0
MW-17636-78188,Mikayla Wiley,329.0,73.0
RB-22120-12219,Rebecca Burgess,12909.0,2142.0
LE-97300-70141,Lisa Escobar,123.0,13.0
JM-26702-10929,Jeremy Hooper MD,86.0,21.0
DG-57628-72156,Derrick Garcia,715.0,82.0
TT-53332-36606,Tracy Thornton,1160.0,173.0
DR-78853-73952,Dean Russell,957.0,114.0
HT-94371-34938,Harold Thompson,568.0,96.0
CH-12932-45654,Christopher Hull,1042.0,169.0
JA-25462-58867,Javier Austin,1190.0,154.0
CP-40340-23074,Caroline Perez,444.0,115.0
TT-48882-44082,Timothy Thompson,441.0,107.0
RC-40614-51689,Ricky Chase,6119.0,1031.0
AR-32524-74633,Amanda Ray,459.0,130.0
DH-43311-89578,Dr. Carlos Hernandez,775.0,84.0
JW-65664-42295,Jennifer Weiss,597.0,143.0
FG-50379-25703,Frank Gilbert,1282.0,155.0
DB-91340-11960,Daniel Beltran,8312.0,1428.0
LD-53974-23516,Leslie Davis,1077.0,199.0
JG-87499-28664,Jennifer Greene,234.0,14.0
JT-51673-10216,Jodi Tyler,1081.0,180.0
BS-63095-21840,Barbara Scott,5494.0,857.0
LW-25505-97793,Laura Woods,1528.0,130.0
DR-16265-11114,David Richard,5333.0,807.0
SM-43547-26494,Sydney Johnson MD,1331.0,197.0
JP-15588-35811,Jessica Perez,598.0,76.0
KV-39870-58647,Kelly Valencia,1065.0,135.0
CD-85511-53693,Colin Davis,1429.0,255.0
LJ-79095-15487,Lauren Johnson,998.0,181.0
MP-34299-15885,Margaret Pacheco,870.0,167.0
DD-14150-23375,Debra Mitchell DVM,1775.0,367.0
SA-34398-77590,Stephen Anthony,701.0,103.0
JC-24598-87569,Javier Collier,664.0,93.0
AS-15328-94792,Alice Salinas,1290.0,226.0
SG-12375-28319,Scott Garcia,1858.0,360.0
KL-48596-81364,Kristin Lopez,878.0,80.0
CH-19594-39263,Christopher Hancock,80.0,16.0
TS-95992-14912,Tanya Stone,414.0,75.0
ER-84308-41833,Eric Ruiz,208.0,29.0
JR-21623-48788,Jeffrey Robertson,1315.0,258.0
KC-20121-33152,Katrina Curtis,628.0,63.0
CM-97258-62227,Cynthia Meyer,490.0,102.0
MB-16548-21351,Melinda Burns,1197.0,284.0
BW-32573-42220,Brenda Wagner,69.0,9.0
RT-20914-68134,Roger Thomas,6350.0,1201.0
KJ-56289-37473,Kaitlyn Johnson,9097.0,1618.0
MH-79794-13324,Matthew Hall,217.0,65.0
DP-28809-84382,Dr. Angela Perry,913.0,222.0
MS-64279-84619,Mark Smith,386.0,56.0
MC-98241-66571,Mary Collins,1355.0,328.0
AR-49271-86845,Ashley Reed,767.0,186.0
MM-15306-20884,Michael Mack,8009.0,854.0
DD-54095-57585,David Delacruz,320.0,95.0
SW-88467-33178,Shannon Weiss,542.0,82.0
PG-59243-98357,Peter Gardner,8669.0,1819.0
JP-48106-18808,Jesse Powers,918.0,174.0
TJ-49110-20342,Tonya James,292.0,62.0
BM-84863-86060,Brian Martinez,482.0,135.0
CM-35907-75286,Carl Murray,1173.0,236.0
JM-66308-11065,Jared Marshall,625.0,158.0
CF-44232-14259,Christopher Flores,5461.0,929.0
CH-31470-97703,Charles Holloway,117.0,18.0
DS-96672-84914,Dr. Colleen Smith,10753.0,1690.0
JN-54282-72971,Jeremy Norris,447.0,127.0
GN-32262-79396,Gregory Neal,719.0,133.0
DF-28610-43672,Denise Fischer,984.0,250.0
KL-43547-40738,Kimberly Lee,472.0,99.0
AJ-19275-36097,Amy Jackson,1084.0,85.0
MM-12148-90546,Mercedes Morse,674.0,100.0
SR-25485-67524,Steven Roberts,1358.0,244.0
EW-66877-44084,Elizabeth Ward,454.0,58.0
TR-56542-99100,Timothy Rivera,601.0,66.0
DD-22672-63250,Dennis Davis,390.0,38.0
BM-28867-47052,Bonnie Moran,575.0,96.0
LW-75432-64330,Lauren Wilson,637.0,86.0
CL-90627-98335,Carolyn Love,1355.0,175.0
SG-75926-92631,Stephanie Guzman,537.0,126.0
JP-74987-82278,James Patton,497.0,144.0
KM-80991-28481,Kelly Morton,1335.0,301.0
EL-12479-14994,Eric Lewis,200.0,56.0
JB-64695-53509,Joseph Barnett,285.0,49.0
MH-19516-32895,Mr. Chad Hill,396.0,76.0
DA-29942-62004,Denise Anderson,188.0,53.0
AS-28111-79836,Alicia Simpson,439.0,23.0
LH-86198-43139,Lori Humphrey,1009.0,189.0
SM-82053-48615,Sabrina Montgomery,799.0,172.0
RR-43934-28698,Raymond Riley,490.0,97.0
SB-50447-82841,Scott Bryant,5456.0,978.0
GD-34006-78087,Gary Dodson,439.0,103.0
DP-43846-98569,Douglas Ponce,206.0,51.0
LB-31752-46439,Lisa Beasley,258.0,70.0
MA-27609-44412,Michael Andrews,350.0,32.0
EA-75435-49921,Elizabeth Anderson,15623.0,3049.0
PD-79590-97945,Pamela Dickerson,13203.0,2931.0
KW-94117-15643,Kaitlin Williams,1938.0,359.0
BP-88231-29355,Brian Powell,1398.0,232.0
TY-18530-85537,Taylor Young,547.0,68.0
BN-70865-64537,Beverly Noble,516.0,47.0
EL-99171-25941,Elizabeth Lawrence,100.0,28.0
AA-34625-70931,Amanda Anderson,490.0,65.0
MH-24748-93348,Michael Hicks,373.0,79.0
GA-16294-13257,Gina Anderson,1419.0,236.0
CC-99280-12006,Christine Campbell,173.0,15.0
AB-11436-26568,Alexander Byrd,237.0,21.0
JW-73444-67738,Jacob Walker,93.0,18.0
AB-13721-75557,Andrea Bailey,764.0,122.0
KB-76338-17115,Karen Barnes,2957.0,698.0
CR-95547-78857,Christopher Richardson,8210.0,2017.0
PR-89024-29334,Paul Richards,2116.0,453.0
MC-69678-30744,Maria Chung,7205.0,1322.0
AO-29699-88552,Alexander Ortiz,511.0,82.0
AR-19749-11406,Ariel Reyes,1161.0,218.0
JP-77073-34798,Julia Petty,137.0,30.0
HF-54738-10413,Haley Flores,1492.0,383.0
MM-11132-24201,Misty Moreno,826.0,86.0
TW-37887-13877,Tara Wagner,910.0,204.0
TM-59307-41034,Tracy Martin,14635.0,2790.0
WP-21316-88793,Wesley Parsons,12649.0,2299.0
TC-49340-50909,Terri Cox,1159.0,149.0
VS-97918-45168,Victoria Smith,1192.0,110.0
ML-68697-10476,Melissa Long,704.0,113.0
JH-74054-34831,James Hill,118.0,10.0
LL-72355-92526,Lori Lambert,1428.0,218.0
PW-74057-19129,Patrick Williams,684.0,132.0
MS-14332-82678,Marcus Stevens,5923.0,1092.0
DD-14244-66326,Donna Doyle,8458.0,1282.0
BJ-27602-29821,Brian Jenkins,12265.0,2599.0
DT-40201-48804,Dana Thompson,869.0,85.0
NH-21473-81885,Nicolas Hurley,5314.0,809.0
RM-16461-50544,Rhonda Miller,888.0,78.0
CF-34820-28909,Cassidy Fernandez,891.0,246.0
JD-85790-41632,Joseph Donaldson,7386.0,1033.0
GF-39348-95052,Gregory Freeman,328.0,27.0
VF-43149-96726,Valerie Fox,1596.0,311.0
TC-96258-37901,Timothy Chen,742.0,115.0
CJ-19974-65292,Casey Jordan,991.0,173.0
BP-59121-75523,Bradley Poole,553.0,123.0
AG-79566-73845,Andrew Garrison,433.0,65.0
CM-66855-31487,Crystal Moore,889.0,97.0
MT-56886-44299,Mario Tran,2324.0,530.0
RR-53565-57243,Robert Rice,10471.0,1657.0
BG-58998-77491,Brittney Green,1290.0,283.0
HP-55585-41857,Heather Phillips,1941.0,416.0
MF-39481-24007,Maria Freeman,783.0,81.0
NP-36197-26357,Nicholas Pierce,1154.0,235.0
MC-48997-99168,Michael Chavez,186.0,29.0
DH-82112-12154,Diane Hall,2798.0,547.0
DC-21444-24513,Debra Collins,948.0,183.0
MG-78779-57625,Michael Gay,279.0,42.0
KA-68392-12952,Kelly Arellano,679.0,172.0
BM-29392-29413,Brian Mcknight,284.0,47.0
TB-17409-94749,Tracy Bailey,15419.0,2525.0
JB-59456-93697,James Black,650.0,98.0
MD-54025-51919,Matthew Dalton,85.0,9.0
CM-75555-76642,Christopher Mason,13388.0,3442.0
CB-10029-69304,Christopher Barber,2656.0,517.0
AR-46677-30832,Alexandra Robbins,361.0,105.0
WM-42144-94711,Walter Martin,895.0,176.0
WF-98598-76343,Walter Fowler,1172.0,73.0
PT-55256-76012,Patricia Thomas,273.0,35.0
CM-39929-35905,Claudia Moore,1206.0,143.0
TS-37879-20654,Tara Smith,6614.0,1132.0
SB-86125-41631,Stacey Brown,7404.0,1436.0
BM-47546-50319,Benjamin Mckenzie,791.0,210.0
KR-65126-70731,Kerri Rodgers,86.0,10.0
HB-19771-46989,Hannah Braun,482.0,91.0
NT-98349-65616,Nathan Thomas,4218.0,828.0
AC-25657-69707,Andrea Cooper,498.0,90.0
VT-94470-25134,Vincent Thomas,90.0,12.0
PM-22852-84625,Peter Mccarthy,11934.0,2440.0
SG-20446-77475,Samantha Green,1436.0,322.0
CC-13828-15072,Christine Cunningham,895.0,219.0
DM-34925-11194,Dr. Dylan Moran,240.0,36.0
NH-32164-29707,Nicole Hood,921.0,93.0
DW-49996-98288,Dawn Williams,8949.0,1636.0
JS-93990-84441,Joshua Snow,91.0,24.0
DH-70351-20778,David Harrington,6405.0,953.0
CC-59153-70810,Christine Cox,649.0,146.0
LR-79300-60584,Lisa Ross,635.0,124.0
CB-13133-35585,Cristian Bell,1433.0,226.0
AF-19869-24020,Anna Foster,682.0,144.0
KS-99480-64274,Kenneth Scott,15337.0,2721.0
BH-49258-78951,Brenda Hudson,320.0,56.0
JL-42885-91452,James Leon,631.0,117.0
BF-81870-20321,Bradley Flores,1069.0,140.0
KT-54637-22014,Kimberly Thompson,259.0,58.0
KW-21561-66074,Kaitlin Wolf,493.0,114.0
TM-23334-21292,Tonya Myers,448.0,77.0
DD-50571-83559,Daniel Davis,832.0,122.0
GB-47001-37775,George Buckley,499.0,41.0
CM-48675-31928,Caroline Maynard,138.0,18.0
JR-97876-85186,Justin Russell,1446.0,290.0
DP-17299-33697,David Parker,1102.0,129.0
NT-19963-73100,Nancy Turner,376.0,42.0
SP-99674-27231,Sonya Pena,397.0,44.0
MW-45309-56271,Melissa Wolf,3359.0,741.0
LM-26551-99889,Lauren Morris,834.0,136.0
JR-33635-64193,Jennifer Rowe,8282.0,1173.0
TH-14297-46649,Taylor Hunter,352.0,30.0
NP-65037-85945,Nicole Pace,477.0,70.0
EB-91474-14138,Edward Baker,1495.0,114.0
JK-95098-55964,Jack Kane,1887.0,270.0
RD-17468-82454,Robin Wagner DDS,775.0,177.0
MV-89720-23385,Mark Vaughn,604.0,92.0
AF-55496-74956,Aaron Fowler,402.0,68.0
AC-16900-30891,Angela Choi,523.0,58.0
ZJ-83982-85715,Zachary Joseph,597.0,87.0
RH-71035-67027,Rachel Howard,785.0,100.0
AB-61134-68503,Alyssa Bailey,559.0,92.0
AR-27827-68452,Aaron Rangel,333.0,65.0
RP-75113-68306,Rachel Peterson,671.0,170.0
MB-20270-28170,Mark Brown,1132.0,152.0
AA-59608-19220,Ann Atkinson,731.0,173.0
DL-50194-74062,David Lynn,860.0,141.0
NH-73852-83188,Nicholas Harrington,1346.0,250.0
AP-38012-25290,Angela Pearson,676.0,173.0
VL-22223-39303,Veronica Le,51.0,10.0
JH-72462-63808,Judith Hawkins,611.0,148.0
PW-38072-16608,Priscilla Williams,494.0,143.0
LS-68698-13553,Leslie Sutton,745.0,118.0
KC-93517-14408,Kimberly Crawford,11639.0,2041.0
NJ-67649-74171,Nicole Johnson,142.0,35.0
JS-89011-57911,Jane Smith,1216.0,152.0
SP-17673-74593,Sarah Pratt,1502.0,290.0
ML-46971-92483,Michael Lopez,751.0,158.0
DC-75899-66652,Dennis Carroll,115.0,23.0
DF-80447-68437,Devon Foster,13217.0,2145.0
DG-61841-23014,Daniel Graham,11484.0,1587.0
JJ-99768-81778,Joyce Jordan,8584.0,1389.0
MB-61453-82716,Mark Bush,588.0,102.0
KM-32439-86267,Kevin Mcmillan,834.0,244.0
RG-21435-46942,Russell Grant,534.0,95.0
SM-85785-32930,Suzanne Miller,134.0,23.0
BB-47732-46148,Belinda Butler,1849.0,264.0
CC-94512-49284,Chelsea Clark,1834.0,372.0
BR-38552-23368,Blake Ruiz,241.0,17.0
JF-22646-75643,James Fields,605.0,86.0
JC-15446-15362,Jason Carter,1987.0,367.0
JA-44065-55251,Jennifer Anderson,11267.0,3315.0
SW-97816-18917,Sarah Williams,583.0,122.0
SJ-74087-57270,Suzanne Johnson,751.0,196.0
MC-23506-64064,Martha Collins,8639.0,1840.0
TS-45443-98966,Theresa Stout,672.0,100.0
DN-98107-21192,Dean Nunez,752.0,148.0
BB-30503-95762,Barbara Bradley,493.0,39.0
EV-93033-56117,Eric Valdez,783.0,147.0
RL-30737-71126,Reginald Long,321.0,67.0
MM-29722-90890,Miguel Martinez,199.0,54.0
AL-21299-36853,Aaron Leonard,127.0,16.0
GM-30327-20330,Gloria Martinez,625.0,135.0
DT-24868-15915,Dennis Thomas,803.0,83.0
CA-71358-61970,Christopher Arellano,2574.0,506.0
SS-25651-94467,Shannon Schneider,2714.0,609.0
JS-92707-94515,Jason Stein,134.0,26.0
KT-91190-65992,Kathryn Thompson,1552.0,88.0
TW-24649-56454,Timothy White,3437.0,496.0
LR-94198-21099,Lynn Rich,1445.0,309.0
TV-45285-64392,Thomas Valenzuela,1378.0,280.0
GG-98586-70810,Gary Gross,492.0,96.0
DG-60748-73234,David Gonzalez,589.0,134.0
SJ-36274-71371,Shannon Jones,1188.0,240.0
CM-71471-51647,Christine May,10945.0,972.0
DM-72328-50080,Dawn Montgomery,1440.0,314.0
JW-47131-46294,Jason Williams,84.0,13.0
CW-19171-91730,Cassie Wells,757.0,121.0
JS-91698-84778,Jeff Snyder,96.0,23.0
JB-46057-91395,Jamie Bolton,416.0,122.0
MJ-44416-95406,Michael Jennings,928.0,202.0
CJ-68163-15317,Christina Jordan,16205.0,2539.0
JC-38851-20743,James Collins,183.0,20.0
MM-61735-27425,Manuel Martin,1040.0,180.0
JJ-35733-10543,James Jenkins,6118.0,1084.0
JM-96905-60688,Jamie Mcclain,9601.0,1549.0
LT-26009-59989,Laura Thompson,812.0,141.0
SW-22739-55117,Sarah Watson,10680.0,1923.0
TD-68701-33002,Taylor Dickson,9768.0,1601.0
JS-98414-65692,Jeffrey Stark,737.0,71.0
BH-27098-48978,Bethany Hammond,807.0,114.0
KS-46987-49322,Kelly Sawyer,372.0,87.0
DH-99900-72856,Darrell Hicks,229.0,27.0
RF-61113-14854,Robert Ford,869.0,197.0
AC-71105-42895,Anne Chandler,457.0,98.0
EG-25674-87079,Elijah Garner,23852.0,3182.0
CT-79185-51981,Christy Thomas,456.0,103.0
AK-97026-17643,Anthony King,608.0,87.0
PW-36734-14041,Paul Warner,228.0,38.0
KR-51694-92104,Kayla Rodriguez,336.0,67.0
JF-88511-71802,Joseph Fisher,398.0,22.0
AW-27576-21522,Alexis Wood,70.0,8.0
KF-97888-35546,Kimberly Freeman,14988.0,3408.0
AT-65219-41466,Allen Thomas,971.0,221.0
RS-74503-38105,Randy Savage,14365.0,2040.0
TM-31759-34732,Timothy Matthews,1036.0,171.0
MM-24407-81008,Matthew Murillo,733.0,136.0
AS-18153-34180,Ashley Smith,1537.0,351.0
CH-95553-28194,Cesar Haley,481.0,34.0
SN-99902-70379,Stephanie Newton,1997.0,110.0
JC-91135-26528,John Chen,323.0,49.0
KR-68477-43721,Kathleen Reynolds,594.0,115.0
MH-96980-10304,Michelle Hardy,8036.0,1703.0
EH-87546-11050,Edward Hutchinson,1392.0,241.0
AP-12074-56267,Amy Payne,1338.0,208.0
MW-23351-43571,Michael Waller,1349.0,288.0
NW-17291-65731,Nicholas White,250.0,52.0
AS-28780-53679,Arthur Silva,8923.0,1491.0
CH-99636-63698,Christine Harper,3222.0,415.0
MB-64086-49141,Marie Bennett,767.0,93.0
EC-11547-53735,Edward Clarke,930.0,156.0
ST-83737-25185,Stephen Tucker,342.0,31.0
LZ-90911-79771,Leah Zavala,16818.0,2770.0
NG-19100-14135,Nancy Garcia,12708.0,1671.0
LG-87491-30964,Larry Gill,1610.0,362.0
EM-50760-26659,Edward Montgomery,914.0,203.0
DG-33246-68118,Denise Garcia,1456.0,211.0
JS-25414-28120,Jonathan Summers,891.0,211.0
TP-50156-62485,Theresa Powers,8159.0,675.0
BE-55964-31996,Brian Escobar,104.0,30.0
JF-13080-80394,Jessica Fernandez,224.0,14.0
JM-95727-19464,Jake Mitchell,929.0,165.0
ZA-56236-90340,Zachary Anderson,10535.0,1533.0
BT-42519-70318,Brittany Thomas,9163.0,1754.0
MS-96031-38860,Michael Smith,10621.0,1930.0
NG-52291-89618,Nicole Garcia,627.0,111.0
PW-22013-38015,Pamela Warren,148.0,35.0
SW-49187-12190,Sandra Wilson,2537.0,262.0
RB-57369-18127,Rachel Brady,753.0,76.0
DM-73643-14604,Dr. Tracy Green MD,1706.0,351.0
WS-15743-95720,William Stephens,1310.0,191.0
CW-94079-98228,Charles Walker,645.0,109.0
JT-40936-65885,Julie Thomas,948.0,177.0
SR-99051-52879,Scott Rivas,2260.0,314.0
MD-16214-66190,Michael Dawson,878.0,145.0
RW-68013-49452,Rebecca Walton,2061.0,367.0
AB-45525-60540,Alex Ballard,416.0,56.0
AG-40153-32951,Ashlee Gonzalez,7903.0,1189.0
RM-55385-58183,Rhonda Moore,1417.0,130.0
SR-67685-36696,Steven Ramos,3408.0,810.0
KH-15725-86837,Kim Hall,1801.0,269.0
ES-20230-71476,Evan Smith,10741.0,1894.0
HM-91656-79050,Heather Maddox,560.0,91.0
JL-90806-17535,Jeffrey Little,943.0,114.0
LB-56214-51140,Laura Benitez,1036.0,160.0
KV-59065-85333,Kyle Villa,727.0,104.0
VB-52237-72022,Veronica Bailey,9601.0,1687.0
CN-66064-94759,Chad Nelson,712.0,178.0
SG-54954-88528,Sherri Gonzales,1269.0,232.0
MC-41323-93133,Marcus Clay,8919.0,1491.0
JS-45871-44638,Joshua Scott,7851.0,1242.0
DM-39330-87719,Dale Mitchell,900.0,188.0
RR-52759-38216,Rachel Ray,343.0,24.0
LM-55063-16361,Lindsay Mayer,923.0,222.0
DT-48992-13094,Dakota Torres,1523.0,285.0
DN-99601-78102,Dawn Novak,9299.0,1700.0
DH-41825-69067,Dale Hall,922.0,133.0
CW-57684-45047,Christopher Wilkinson,8028.0,1491.0
CM-50645-27758,Crystal Maxwell,689.0,93.0
RR-19158-21466,Rachel Rush,1153.0,201.0
JJ-24922-31797,John Jones,526.0,65.0
DB-33572-38488,Diane Becker,119.0,18.0
JP-24955-75026,Jeffrey Patterson,374.0,64.0
SS-84685-91621,Steven Smith,1072.0,203.0
BH-91750-50931,Brooke Henry,469.0,68.0
TP-13415-37408,Tiffany Porter,294.0,80.0
MA-54020-45401,Megan Atkinson,747.0,180.0
DG-60672-23092,Dustin Gutierrez,1550.0,288.0
SS-81330-14220,Stacy Santana,194.0,31.0
AD-76944-64866,Ashley Dudley,4392.0,516.0
JS-11832-99182,Joseph Strong,1218.0,226.0
BS-21365-77948,Billy Steele,2202.0,378.0
WG-62726-65331,Walter Gutierrez,1857.0,146.0
EG-44601-66318,Emily Garcia,10536.0,1858.0
NS-82325-30427,Nicole Stone,11367.0,2446.0
MS-82278-40013,Maria Smith,73.0,16.0
EF-87394-25376,Emily Fowler,8562.0,1882.0
MG-10552-77813,Mr. Brian Garcia,538.0,47.0
JB-93160-92239,Jessica Brooks,410.0,87.0
AR-86973-84402,Angela Ramirez,1420.0,328.0
LL-45469-74523,Lori Lewis,320.0,78.0
SM-72235-89154,Spencer Moore,2467.0,399.0
JM-42109-76407,Jessica Moore,791.0,53.0
PB-43151-83629,Philip Barnes,356.0,42.0
MK-40472-25025,Mark Krueger,7942.0,1285.0
JN-32981-85013,Jessica Neal,258.0,26.0
MG-46532-52163,Michael Griffith,427.0,122.0
ER-87597-89453,Edwin Rose,426.0,50.0
DS-25879-32699,Donna Scott,435.0,101.0
AO-45507-24492,Amber Olson,18737.0,4192.0
BT-52797-82352,Brian Thomas,1045.0,153.0
CS-42373-91781,Cynthia Short,9294.0,1849.0
AH-21715-49277,Andrea Hall,922.0,178.0
GH-80445-24356,Gina Hensley,899.0,195.0
MY-82924-59272,Mariah Young,6623.0,843.0
JC-74700-39328,Joseph Curtis,1211.0,276.0
AD-54434-11958,Amber Davenport,1070.0,227.0
PM-25719-71600,Paul Miller,491.0,132.0
MS-82130-16032,Michael Stevens,197.0,14.0
JD-79410-72698,Julie Warren DDS,10120.0,1656.0
MM-56604-69184,Mr. William Branch MD,593.0,105.0
SR-99307-51889,Sonya Rodriguez,2209.0,285.0
TG-27180-51182,Tammy Gibson,713.0,61.0
SW-73643-16591,Steven Watson,311.0,66.0
HW-44200-54729,Heather Williams,247.0,68.0
KS-77013-33785,Keith Scott,942.0,163.0
HD-66980-56824,Heidi Davis,15960.0,2745.0
WM-21683-59136,William Mcbride,623.0,73.0
RC-74230-72555,Robert Calderon,684.0,145.0
CS-59888-29407,Christina Sims,291.0,23.0
SG-12697-81155,Stephen Gardner,1568.0,282.0
EM-71027-41049,Erica Nunez MD,1045.0,131.0
AC-60594-70260,Adam Cooke,490.0,135.0
MS-13999-93135,Mr. Christopher Small,336.0,83.0
WM-24684-84107,William Mitchell,430.0,78.0
SB-59868-72110,Samantha Brown,469.0,63.0
JK-90641-55183,Jill Kennedy,6421.0,1279.0
AW-94671-13352,Angela Wilson,7899.0,1281.0
PJ-59347-17718,Paul Johnson,13948.0,2693.0
RL-18669-64115,Robin Lee,7408.0,1265.0
RA-85515-73737,Randy Anderson,8505.0,1609.0
TB-81546-83642,Taylor Baldwin,27867.0,4552.0
TK-60026-32354,Tanya Kaiser,5886.0,1069.0
AB-35350-97152,Ashley Bennett,267.0,33.0
JF-35281-62230,Joshua Figueroa,1044.0,225.0
DS-49336-23486,David Swanson,398.0,38.0
EM-17267-70217,Eric Martinez,1456.0,277.0
JS-50655-69183,Jeremy Soto,20937.0,4245.0
KJ-16586-26159,Kelly Johnson,1922.0,240.0
ES-67792-47947,Evan Smith,1566.0,221.0
KW-97201-10758,Keith Wolfe,397.0,99.0
DH-99426-71897,Debra Hahn,15478.0,2903.0
MP-85971-66006,Mrs. Victoria Perez,298.0,75.0
NG-23088-96481,Noah Gomez,296.0,57.0
MZ-76401-10473,Mary Zamora,7176.0,1311.0
DM-25129-76186,Donald Mendoza,782.0,147.0
CR-42148-70513,Caitlyn Riley,1657.0,256.0
CM-82151-47991,Cynthia Martinez,2232.0,219.0
RP-57346-98236,Richard Pope,365.0,50.0
DL-84584-23888,Donna Lopez,356.0,82.0
BP-50164-92542,Benjamin Perkins,919.0,231.0
JV-27804-85203,Joshua Villarreal,163.0,47.0
GF-36877-29942,Guy Figueroa,64.0,10.0
AB-65603-25059,Austin Baker,1037.0,199.0
ML-29836-11837,Melissa Lamb,4262.0,771.0
LB-30298-95631,Leah Brown,194.0,28.0
JD-27067-50057,James Dillon,9582.0,1885.0
CT-69072-92039,Cassandra Thomas,619.0,122.0
LW-98173-59307,Lisa Warren,927.0,157.0
RD-66919-31132,Rebecca Douglas,162.0,44.0
SM-39411-85124,Stephanie Mccormick,1330.0,302.0
LR-16068-95092,Linda Rangel,2159.0,435.0
JS-77511-35234,Jorge Smith,445.0,111.0
CC-53591-68226,Chad Cook,283.0,56.0
DB-56900-96223,Dustin Butler,151.0,17.0
MR-38011-16014,Michael Rosales,128.0,27.0
NP-11585-80437,Nicholas Perez,646.0,67.0
JW-60613-46678,Jessica Walker,1019.0,115.0
ND-57336-80172,Nicole Davis,16059.0,2901.0
DN-49498-87016,David Nunez,158.0,33.0
PM-87797-54528,Paige Martin,611.0,151.0
CM-26699-65526,Charles Mitchell,620.0,98.0
KS-64025-85332,Kyle Schneider,475.0,55.0
AB-16963-35142,Alisha Bean,464.0,39.0
SB-54322-44373,Stephen Brown,527.0,106.0
MH-41308-98462,Megan Humphrey,459.0,121.0
LJ-34778-67112,Leslie Jones,1410.0,329.0
WT-35607-57160,William Thompson,503.0,121.0
SG-75402-95719,Samuel Grant,597.0,138.0
HA-23268-44062,Holly Adams,1238.0,193.0
DC-62388-49617,Dana Cortez,2284.0,459.0
BG-48867-82050,Beth Glover,2458.0,486.0
EJ-33896-71534,Eric Jacobs,18198.0,4350.0
JS-68281-21894,Jason Sims,8975.0,2458.0
TV-55920-45167,Tracey Vega,945.0,180.0
BE-46879-27773,Benjamin Escobar,10083.0,1412.0
PC-88511-55087,Philip Conway,563.0,34.0
SK-39168-85798,Shannon Klein,1342.0,280.0
MJ-43303-79427,Michael Jones,1288.0,213.0
SH-14737-32326,Scott Hunt,1307.0,295.0
YL-37178-52740,Yvonne Lozano,207.0,30.0
JW-42345-35004,Jamie Williams,4324.0,569.0
ED-78238-47833,Emily Dickson,8235.0,1553.0
MS-60333-88093,Mr. Brandon Smith,213.0,54.0
KK-89867-72016,Kelly Kramer,557.0,103.0
LS-26988-75448,Lawrence Simon,823.0,120.0
AE-33622-97029,Anna Espinoza,11362.0,2181.0
MR-60662-24720,Marc Ramirez,711.0,125.0
BS-42455-90764,Brian Stevens,7047.0,1358.0
JO-41650-41183,Jodi Obrien,1265.0,210.0
RT-19840-15672,Rachael Tucker,672.0,152.0
MM-89791-67717,Melanie Murillo,265.0,26.0
MJ-34436-26541,Mr. Nathan Garcia Jr.,937.0,181.0
DR-43032-59065,Diana Robinson,6949.0,961.0
AW-52948-63775,Ann Wilson,684.0,85.0
JL-75474-65640,Joseph Lewis,17897.0,2535.0
MD-84518-38563,Michael Douglas,8377.0,1921.0
AH-17608-70754,Anne Hopkins,931.0,188.0
CM-55130-71209,Christine Miranda,8111.0,1417.0
GC-83520-26954,Gerald Clark,975.0,184.0
GK-90180-58945,Gina Keller,83.0,24.0
MH-94562-55742,Michael Hoover,2350.0,432.0
RN-29604-44017,Robert Norman,594.0,76.0
RT-32883-35832,Rodney Tucker,485.0,123.0
CW-40832-11571,Carrie Watson,131.0,25.0
SN-38750-62791,Scott Nicholson,285.0,47.0
JT-31595-54343,Juan Taylor,373.0,36.0
TM-86135-61027,Tom Martin,1533.0,430.0
MA-68753-83269,Matthew Anthony,1145.0,188.0
KB-76553-27420,Kyle Brandt,329.0,34.0
DL-75703-81306,Douglas Lee,6976.0,979.0
RB-97076-49431,Robert Barrett,573.0,86.0
BS-82039-57377,Brian Smith,729.0,106.0
LG-73952-61222,Laura Gill,130.0,27.0
EK-47085-63629,Elizabeth King,306.0,35.0
JR-97900-39685,Jennifer Ryan,9162.0,1353.0
JF-11253-42259,Joel Ford,333.0,63.0
BA-53859-92367,Brenda Anderson,857.0,103.0
ML-85810-71392,Michele Long,187.0,41.0
SN-11181-42848,Samuel Newton,310.0,37.0
AT-53144-45006,Allen Torres,981.0,139.0
DH-40652-63118,Dawn Harrison,9529.0,1599.0
EB-56597-33896,Elizabeth Burton,523.0,92.0
JB-55815-54755,Jason Booth,882.0,164.0
MR-57627-79370,Mary Rhodes,914.0,118.0
JB-13713-43646,Jennifer Brown,963.0,87.0
MM-62258-83705,Matthew Mitchell,388.0,108.0
CD-20079-53183,Christopher Duke,959.0,180.0
MW-80861-92127,Melanie Ware,310.0,56.0
SM-71322-95897,Shawn Mitchell,1497.0,279.0
BM-73283-60155,Bianca Mcgee,991.0,243.0
SB-80664-56955,Shannon Bridges,577.0,126.0
SM-60733-63514,Stephen Martin,11295.0,2543.0
CL-73647-36693,Chris Lewis,1287.0,380.0
EM-96956-10294,Eileen Miller,1559.0,238.0
TJ-91197-26131,Toni Johnson,1552.0,190.0
KC-42376-55541,Karl Cardenas,864.0,144.0
LM-60313-68127,Lauren Murphy,1335.0,231.0
TP-38819-53136,Tina Porter,10893.0,2786.0
MB-35237-86868,Meghan Brown,630.0,64.0
MA-13110-10659,Michael Anthony,1756.0,222.0
CR-50495-64582,Christine Reynolds,9244.0,1686.0
JC-35025-47377,Jennifer Carney,299.0,69.0
BP-35581-16635,Beth Phillips,793.0,166.0
DO-93655-19596,Darlene Ortega,426.0,45.0
CS-25187-63060,Christopher Schwartz,465.0,93.0
DB-45859-64709,Desiree Butler,500.0,70.0
JT-89448-86732,Johnathan Tran,290.0,48.0
TS-45592-89526,Tommy Snyder,1571.0,377.0
LC-14140-94288,Lauren Church,304.0,27.0
RA-35211-52218,Rachel Arias,422.0,54.0
KP-54391-38235,Karen Porter,126.0,16.0
SH-75317-23592,Steven Harris,145.0,17.0
NW-89833-17174,Nancy Wiggins,384.0,43.0
PR-75308-26782,Parker Roy,412.0,70.0
JR-51481-80584,Joseph Ross,5639.0,831.0
RC-33983-53406,Robert Carrillo,224.0,33.0
AH-12305-72871,Allen Hunter,886.0,84.0
AH-38913-56530,Allison Hammond,535.0,139.0
PG-20476-44489,Peter Guerrero,816.0,81.0
JC-32557-14046,Joshua Cantrell,557.0,75.0
AR-72423-28696,Anne Richards,11389.0,1782.0
SF-60985-34807,Sarah Fletcher,546.0,66.0
TS-86947-63674,Tammy Salazar,9525.0,1594.0
MM-20159-85973,Mrs. Cindy Moore,336.0,88.0
SS-49908-39000,Sean Smith,893.0,126.0
SF-28208-74519,Sonia Flowers,440.0,98.0
RG-64752-58308,Renee Garrett,1631.0,340.0
JF-89425-49341,John Ford,526.0,81.0
JF-46909-89456,Joseph Fields,1823.0,443.0
KE-67284-76904,Kara Ewing,377.0,61.0
MM-49817-62222,Melissa Martin,7026.0,1327.0
YM-63711-13718,Yolanda Martin,669.0,77.0
ME-83035-48306,Martin Espinoza,1402.0,366.0
BS-22240-67466,Brittany Short,170.0,40.0
RW-64652-25509,Raymond Williams,9918.0,1830.0
MW-29997-86854,Matthew Wilson,683.0,88.0
OB-96737-71964,Olivia Brown,1290.0,192.0
GA-68890-43668,Grant Adams,1119.0,186.0
DG-11589-72496,Devin Gill,916.0,180.0
NL-66619-54869,Nancy Lee,148.0,22.0
JW-91514-61608,Jamie Williams,1127.0,283.0
PJ-70674-79894,Patrick Jackson,458.0,127.0
EW-51539-28342,Elizabeth Williams,2070.0,367.0
KC-68324-72049,Kathryn Campos,164.0,18.0
JJ-39827-56403,Jason Johnson,577.0,111.0
CV-68267-55551,Cheryl Velasquez,6761.0,847.0
JM-38589-25095,Jessica Mcdowell,1204.0,273.0
AC-83909-29561,Alexis Combs,129.0,18.0
AR-65389-35066,Anthony Roberts,724.0,84.0
DS-49392-78090,Douglas Snyder,1013.0,173.0
TO-92895-36865,Tammy Owen,1674.0,286.0
AB-39258-54638,Amanda Burns,1219.0,196.0
RL-34943-59606,Robert Lee,8904.0,1563.0
SV-49477-98799,Stacy Villegas,998.0,140.0
HC-48966-93672,Hector Collins,7341.0,1129.0
MM-89112-39101,Mary Frost MD,1297.0,238.0
CP-52057-88825,Charles Pacheco,999.0,159.0
CM-38129-33113,Chloe Matthews,13230.0,2634.0
GB-90999-40037,Gina Baker,1742.0,300.0
SS-50588-43733,Stanley Santos,944.0,179.0
CJ-41304-92837,Catherine Jones,411.0,64.0
RL-58463-60463,Raymond Lang,1266.0,129.0
KT-24392-95254,Katherine Thomas,798.0,112.0
WH-91791-26181,William Howell,636.0,47.0
JM-89063-84532,John Miller,5252.0,944.0
DB-80871-62812,David Bryant,236.0,30.0
GH-81603-64816,Gregory Hernandez,10882.0,2191.0
BV-77008-29831,Brian Velez,1611.0,201.0
DS-78943-99189,Daisy Stone,1154.0,147.0
RH-37169-77056,Richard Harper,1526.0,372.0
BM-51261-44533,Brittany Willis MD,6047.0,1247.0
AF-27590-32529,Amanda Flynn,2354.0,579.0
DS-27552-64339,David Shields,2644.0,548.0
MJ-72375-26279,Mrs. Kathy Jones,877.0,197.0
DH-39986-48305,Daniel Harris,130.0,38.0
DN-88668-53132,Diane Neal,351.0,57.0
DS-33266-53488,Dawn Smith,452.0,93.0
JS-40171-35322,Jean Short,2068.0,297.0
TC-80857-45682,Thomas Collier,211.0,14.0
MC-63814-74745,Melissa Chung,1304.0,256.0
AH-24277-69849,Amanda Heath,793.0,129.0
DS-64707-21640,Deanna Sullivan,1369.0,253.0
TH-53049-79611,Timothy Hill,7405.0,1284.0
MM-16999-60222,Mr. Jordan Mack,2434.0,678.0
AA-23257-57983,Angela Alexander,712.0,178.0
SS-24442-23715,Shannon Smith,380.0,19.0
KC-82006-36465,Karen Cruz,840.0,169.0
MR-65514-12923,Miguel Rivera,889.0,140.0
AH-93784-77001,Adriana Hunter,803.0,106.0
VT-52649-42245,Virginia Thomas,1010.0,266.0
MD-65912-37177,Michelle Douglas,26296.0,5740.0
KR-18395-13184,Kimberly Rios,139.0,17.0
DB-86881-16447,Daniel Byrd,992.0,156.0
CH-50130-38835,Cesar Hill,1158.0,207.0
JM-56972-78399,Jesse Morgan,932.0,217.0
AP-59195-18871,Amy Palmer,657.0,119.0
TG-86432-16205,Tony Gilmore,1795.0,117.0
DC-96721-11306,David Campos,1838.0,257.0
KC-59574-18786,Krystal Chan,10462.0,2055.0
WG-88606-12030,William Gibson,1464.0,202.0
SM-13133-54200,Sydney Morris,127.0,34.0
JR-70940-17611,Jeffrey Rojas,7118.0,1381.0
LC-85706-78804,Laura Carey,6817.0,1846.0
EW-51954-66588,Edward White,429.0,99.0
MC-36857-34024,Michelle Cook,8960.0,1539.0
TS-63597-42435,Terri Smith,3785.0,832.0
JG-48110-82743,John Guerrero,313.0,23.0
MM-59512-96202,Michael Marsh,298.0,45.0
RW-40170-88727,Rodney Woods,2308.0,440.0
AM-38696-17531,Andrew Moore,1361.0,287.0
CR-62574-97744,Crystal Reed,22088.0,4209.0
EW-41518-59108,Elizabeth Williams,652.0,115.0
TG-79791-76639,Tony Gallagher,162.0,11.0
AD-79373-54674,Angela Davis,237.0,21.0
MD-17710-95152,Monica Dunn,288.0,16.0
CW-16114-82455,Casey Wilson,1517.0,254.0
KH-42532-96631,Kimberly Hanson,10139.0,1646.0
BJ-19447-16938,Brianna Jones,246.0,57.0
JM-36885-40016,Jessica Mitchell,1836.0,338.0
CS-16695-60821,Carol Sampson,405.0,61.0
NS-79847-73882,Natalie Sandoval,199.0,41.0
MB-94913-15774,Monica Bailey,1216.0,142.0
MS-82194-56721,Michael Smith,1237.0,214.0
ML-38117-19520,Mark Lam,1248.0,183.0
JS-67906-88417,Jamie Stuart,1880.0,278.0
FM-99338-22690,Faith Molina,483.0,123.0
JM-11010-83064,John Miller,538.0,95.0
MJ-27786-88650,Michael Johnson,242.0,17.0
KJ-52721-34078,Kiara Jackson,772.0,86.0
SL-97651-48325,Steven Lane,754.0,175.0
CA-92466-12452,Charles Allen,330.0,31.0
MR-84479-96495,Matthew Roberts,640.0,93.0
JG-13118-45950,Justin Gonzalez,403.0,59.0
KM-17071-26481,Kimberly Morgan,312.0,68.0
EW-55409-44997,Elizabeth Weiss,13447.0,1574.0
JD-52604-17788,Jason Long DDS,7381.0,1304.0
HB-55785-70786,Heather Buck,1436.0,136.0
EC-12099-53319,Erica Castillo,734.0,135.0
KR-20827-43919,Kelly Robinson,811.0,212.0
KM-13829-55470,Kelly Mclaughlin,555.0,130.0
WB-59166-99268,Wendy Burton,6396.0,1009.0
ML-59663-40342,Michael Lewis,286.0,71.0
DC-86369-26153,Darius Chavez,408.0,62.0
RB-74451-59400,Rachael Blake,143.0,25.0
MR-33089-54527,Michael Reese,467.0,49.0
KW-66820-29514,Kenneth Walker,254.0,13.0
JA-15016-61776,Jeffrey Ayala,731.0,162.0
TR-82499-86061,Thomas Rogers,883.0,123.0
KM-32159-62213,Kristin Boyle MD,80.0,20.0
GW-39456-23179,Gregory Watkins,2094.0,314.0
BN-98673-31915,Barbara Nelson,455.0,61.0
HT-49304-76141,Heather Taylor,1242.0,157.0
JR-24881-77888,Joshua Richards,215.0,25.0
AJ-83638-77559,Alan Johnson,905.0,184.0
ET-15227-58170,Eddie Tucker,17420.0,4042.0
RW-73992-24067,Robert Watkins,16083.0,2925.0
KR-88778-30154,Kevin Robertson,204.0,29.0
JM-48374-16988,James Morris,710.0,140.0
RE-99643-50020,Regina Edwards,8041.0,1499.0
LW-89474-84481,Laura Williamson,399.0,54.0
ES-99079-13505,Edward Smith,1050.0,202.0
JH-54060-30227,Jacqueline Hahn,687.0,114.0
LJ-24551-10008,Lori Jones,484.0,67.0
PV-20287-58562,Pamela Vargas,375.0,73.0
HR-21948-51628,Heidi Rush,17144.0,2530.0
RR-19035-53786,Robert Reynolds,171.0,29.0
JO-66864-62941,Jose Olson,116.0,11.0
BG-13624-19834,Brenda Gonzalez,365.0,49.0
AV-98654-48967,Ashley Vaughn,2867.0,439.0
AA-41744-24852,Andrew Alvarez,296.0,79.0
JG-98072-51359,Joshua Gilmore,2021.0,475.0
WO-66871-67421,Wyatt Orozco,12276.0,2218.0
MW-48687-89360,Megan Webb,2527.0,459.0
AB-74313-80240,Anna Brown,1532.0,210.0
GR-34577-80584,Gregory Russell,2267.0,347.0
JM-33052-53040,Jennifer Morse,10641.0,1444.0
JW-96240-65662,James Watkins,1739.0,381.0
CL-60640-21854,Carmen Lawrence,145.0,27.0
JT-62934-67032,Jorge Torres,254.0,75.0
AD-72835-57392,Alyssa Davis,162.0,32.0
SM-80782-20166,Sharon Munoz,782.0,74.0
JW-34552-76031,John Wilson,391.0,87.0
AP-71150-41288,Anthony Perez,12435.0,2465.0
JT-31555-92569,John Tyler,13165.0,2552.0
MB-64704-66877,Ms. Katelyn Black,496.0,115.0
RL-40724-52063,Regina Lopez,20815.0,4763.0
BV-70767-30854,Barbara Valdez,448.0,69.0
AS-11750-48353,Anthony Shannon,1755.0,267.0
MH-53831-84901,Matthew Hart,576.0,112.0
JM-94914-89601,James Miller,3251.0,553.0
BL-94080-55300,Barry Love,1181.0,222.0
MW-77422-50367,Mary Wade,915.0,193.0
KH-28044-21087,Kelly Holmes,93.0,22.0
MW-21587-55680,Michael Webb,415.0,77.0
DS-31800-24051,Donna Sims,446.0,66.0
MD-94229-85271,Mr. Steven Bond DDS,953.0,162.0
JM-71756-78607,Jonathan Mendoza,1111.0,188.0
AP-80353-14757,Aaron Patel,448.0,38.0
NR-52878-50815,Natalie Reed,9016.0,1827.0
AB-68608-11449,Anna Bennett,910.0,149.0
MJ-91229-29741,Melissa Jordan,5119.0,1314.0
DG-38797-17051,Daniel Gonzales,1484.0,208.0
DG-10741-44497,Daniel Garcia,84.0,10.0
RG-95778-86737,Randy Guzman,891.0,102.0
LC-40052-57100,Lindsay Chapman,937.0,157.0
MS-40574-11787,Matthew Scott,1652.0,189.0
BR-24829-10605,Brittney Rodriguez,387.0,41.0
MN-99450-82800,Michael Nash,513.0,150.0
NH-28965-96302,Nancy Hernandez,1023.0,77.0
JB-39595-67777,Jeffrey Blanchard,1073.0,278.0
TL-89312-57966,Timothy Landry,998.0,139.0
MF-88406-42134,Maria Frank,1176.0,272.0
KH-53531-42749,Kevin Horn,6965.0,1027.0
MR-51939-19052,Matthew Reyes,901.0,215.0
DD-79269-23308,Dustin Daniels,354.0,76.0
AS-53909-96453,Ann Singh,436.0,98.0
HS-33263-72641,Heather Smith,7319.0,1432.0
JS-13131-33233,Jeffrey Scott,382.0,53.0
WS-39864-45865,Warren Santiago,2958.0,483.0
TT-98221-26104,Timothy Thomas,1240.0,168.0
RP-17971-54062,Robert Payne,389.0,73.0
DM-90520-25285,Denise Mora,2290.0,617.0
RH-68430-73245,Rachel Hill,95.0,7.0
RW-70199-60101,Ricky Walters,1265.0,246.0
GH-74251-38506,Gary Hurley,7969.0,1311.0
AN-77748-65059,Amber Norman,7292.0,1394.0
RD-56718-10017,Robert Sanders DVM,451.0,63.0
ML-70317-70162,Maurice Love,73.0,6.0
JB-14491-45704,John Baxter,1465.0,297.0
JS-80873-65639,Jennifer Smith,877.0,224.0
DR-88828-72758,David Rogers,771.0,75.0
CV-77668-47500,Courtney Vargas,339.0,98.0
MP-56020-39434,Michael Potts,661.0,113.0
TR-23268-59752,Tracy Rodriguez,1442.0,268.0
RR-10194-82429,Robert Rivera,16856.0,2471.0
LG-80942-75036,Luke Gonzalez,16002.0,2855.0
CM-78286-80616,Chelsea Medina,317.0,60.0
JF-57364-27155,James Flores,10930.0,2871.0
MS-60308-59040,Maurice Shaffer,198.0,22.0
CT-80229-64982,Cody Taylor,458.0,91.0
MW-48011-41958,Michael Williams,765.0,92.0
LJ-25736-34250,Lisa Jones,1764.0,302.0
KG-32330-86633,Kevin Glenn,653.0,52.0
BM-10153-27899,Brandi Bowen MD,1414.0,349.0
NH-51230-11808,Nancy Howard,997.0,162.0
AG-53262-73758,Aaron Griffin,2485.0,657.0
SB-32401-68607,Sean Brown,1733.0,224.0
DL-65484-92878,Dylan Lara,894.0,120.0
CS-12843-94969,Cynthia Stevenson,1119.0,211.0
MB-14529-42498,Michael Berg,262.0,76.0
SB-67989-97357,Stephanie Benson,3872.0,453.0
DV-86049-56071,Deborah Vasquez,3209.0,578.0
JJ-12931-27890,Joseph Johnson,1361.0,301.0
KC-99050-73013,Kimberly Crosby,643.0,75.0
JF-69477-36078,Johnathan Fisher,560.0,97.0
AM-40223-66105,Amy Martinez,433.0,94.0
GS-50935-42441,Glenn Smith,912.0,199.0
CR-99430-20647,Caleb Rowland,845.0,181.0
AW-92390-98561,Albert Williams,151.0,44.0
DF-68702-25729,Daniel Fields,651.0,140.0
JW-13155-90882,Jonathan Williamson,243.0,34.0
HM-92347-92930,Hector Martinez,1095.0,161.0
KW-31851-68544,Kristen Wise,476.0,87.0
JW-99489-43091,Joel Wilson,3166.0,579.0
KW-86274-20904,Karen Wood,447.0,37.0
JW-31173-80559,Johnathan Welch,98.0,28.0
JO-52680-46015,Jesse Owens,1229.0,206.0
KL-71010-23069,Katrina Li,1078.0,253.0
KB-57188-49732,Kevin Bishop,8390.0,1532.0
MT-68587-81383,Miss Christy Taylor,1014.0,203.0
JS-57569-53107,James Stark,261.0,18.0
JT-47863-20017,James Tyler,498.0,81.0
TP-43914-43678,Tanya Pace,485.0,69.0
TD-10275-19534,Tonya Duffy,7278.0,1154.0
PF-94640-23688,Paul Freeman,467.0,96.0
AG-99379-91559,Allen Gay,2021.0,339.0
SD-80074-57369,Shane Jones DVM,2982.0,432.0
EM-55778-87978,Edward Meyer,333.0,82.0
SJ-97027-65965,Scott Jenkins,1972.0,438.0
DM-25835-92493,Diane Riley MD,67.0,12.0
DM-19671-36378,Diana Moreno,986.0,115.0
KR-19112-17978,Kevin Rogers,11047.0,1892.0
KG-59262-62172,Kristin Greer,2191.0,223.0
JC-60431-12557,Justin Cobb,65.0,14.0
CR-20910-42576,Christina Rios,17518.0,3878.0
KN-36385-16712,Kevin Navarro,260.0,55.0
HM-85051-21026,Henry Miller,240.0,27.0
JL-78501-69243,John Le,962.0,168.0
MD-48179-34857,Melissa Davis,525.0,114.0
CR-27774-67843,Charles Robertson,743.0,123.0
ES-11906-75608,Erin Santos,412.0,107.0
MB-60844-54382,Matthew Barron,276.0,39.0
RL-50925-19834,Robert Lopez,1107.0,228.0
LN-20101-35613,Lisa Nguyen,332.0,69.0
JG-86877-55740,Jenna Garza,1372.0,234.0
RS-51951-93457,Robert Stanley,347.0,36.0
EM-86345-61476,Erica Montes,1482.0,170.0
MW-18551-19747,Megan Wilson,70.0,9.0
FH-76707-45834,Francis Hall,1590.0,356.0
DR-57268-86831,Dale Reynolds,855.0,144.0
BF-61202-22759,Beth Franklin,1038.0,199.0
JW-49483-94312,Jonathan Wallace,661.0,82.0
WP-47845-91194,Warren Petty,452.0,106.0
CW-17463-50635,Cynthia Wade,2492.0,451.0
MB-61143-16023,Michele Brewer,10071.0,1773.0
TF-78155-54373,Tony Friedman,8267.0,1747.0
RW-84909-89277,Rhonda Walker,1771.0,380.0
KL-88404-17290,Kaylee Leonard,388.0,78.0
HW-38126-24737,Heather Wang,835.0,169.0
AH-35960-19188,Alyssa Hayden,75.0,11.0
BM-41220-87614,Benjamin Martinez,7932.0,1458.0
WR-50942-55696,William Rice,7384.0,1165.0
VM-25453-30752,Victoria Murray,602.0,119.0
LC-10147-96785,Laura Chavez,588.0,130.0
SP-71295-86676,Shawn Price,73.0,5.0
DJ-66902-26038,Dennis Jenkins,480.0,121.0
DJ-69191-25746,David Jacobs,1438.0,237.0
DR-76075-58830,Dr. Ashley Reid,315.0,59.0
KC-35510-16135,Katherine Cole,11374.0,2074.0
EM-77968-85029,Eric Miller,205.0,51.0
JW-43208-63769,Jessica Wall,414.0,74.0
TB-36619-93323,Travis Brown,1258.0,319.0
AA-65438-62237,Andrea Arnold,804.0,76.0
JR-39675-51365,James Robertson,182.0,19.0
JM-43551-86168,Jamie Medina,122.0,19.0
SF-77696-99444,Stacy Figueroa,633.0,99.0
JD-32065-38337,Jacqueline Lee DVM,681.0,190.0
JP-34250-57514,Jennifer Powers,6428.0,998.0
BW-37584-72691,Beth Weaver,6074.0,1110.0
DM-70542-57376,Darren Murphy,659.0,84.0
JP-38374-14594,Joseph Powell,12483.0,2165.0
VS-37655-52704,Vickie Sutton,1108.0,217.0
CS-14507-21898,Christopher Strickland,76.0,15.0
PR-74269-70699,Paul Ross,1711.0,300.0
MG-15566-53000,Melissa George,1686.0,374.0
TF-91257-87259,Tony Farmer,404.0,90.0
RW-44008-54123,Rachel Watson,1097.0,180.0
JG-24779-41018,John Green,1196.0,179.0
SS-74448-68992,Scott Smith,9245.0,1559.0
JC-19685-92494,Justin Carter,117.0,10.0
KK-89006-74628,Keith Kemp,2320.0,301.0
AD-38036-21978,Ashley Daniel,1153.0,174.0
JP-49161-66586,Jeffrey Phillips,460.0,89.0
CP-66226-34506,Chad Preston,415.0,33.0
JE-78036-87929,Jessica Erickson,1027.0,131.0
EG-15825-44253,Ernest Griffin,370.0,81.0
MH-65152-40325,Michael Harper,3089.0,666.0
MH-53237-15753,Miranda Hale,1461.0,162.0
FM-31295-84158,Frank Morrow,940.0,195.0
KM-11916-28943,Kelly Mendez,119.0,30.0
LR-56224-29188,Logan Robinson,121.0,13.0
JS-26347-11954,Joshua Scott,272.0,39.0
JF-11491-13823,Joshua Flores,643.0,147.0
AL-89545-32232,Adam Lawson,885.0,171.0
AS-32665-47312,Alicia Schwartz,1548.0,172.0
JB-58212-55925,James Black,524.0,76.0
DC-61023-10780,Danielle Cruz,332.0,34.0
NP-19633-67820,Nathan Phelps,8020.0,1298.0
JF-18686-87246,Jackie Figueroa,1447.0,252.0
JR-57818-69081,Jason Rivas,287.0,68.0
AP-39108-48252,Alicia Powell,443.0,43.0
KB-97125-60013,Kimberly Baker,473.0,62.0
JN-55135-91398,Jonathan Nelson,6817.0,1172.0
RT-98088-36766,Ricky Turner,7995.0,1418.0
DP-85946-11596,Dennis Perez,8741.0,1919.0
MS-31658-27082,Mrs. Kayla Shelton,477.0,109.0
TH-85829-65654,Timothy Hendrix,332.0,47.0
RJ-49885-81889,Ronald Johnson,1440.0,209.0
MR-64057-68050,Megan Ruiz,432.0,59.0
SH-12080-63487,Sally Harrell,1095.0,155.0
KW-61085-89275,Katie Webb,1657.0,277.0
DD-62333-31933,David Daniels,1613.0,264.0
CJ-14018-34811,Carolyn Johnson,19673.0,4176.0
KL-45925-48909,Kelly Lee,2155.0,421.0
NS-68278-27954,Nathaniel Schwartz,1016.0,238.0
RM-32058-10873,Rachel Mckenzie,2175.0,362.0
JO-22867-78827,James Owens,8357.0,1408.0
CP-36802-33201,Carlos Pennington,191.0,29.0
MR-27570-23441,Marcus Ramirez,979.0,124.0
MS-21417-61096,Michael Stewart,10246.0,1729.0
KT-60119-12716,Kevin Thomas,521.0,50.0
RC-56054-56115,Robert Castro,357.0,53.0
LR-96462-23786,Linda Richard,1011.0,113.0
DN-26769-62026,Danielle Nixon,10507.0,1849.0
BT-17780-11597,Brian Thompson,349.0,55.0
WH-33881-14183,Wendy Holt,7778.0,1275.0
BS-10440-43639,Blake Salinas,14161.0,2923.0
LT-34348-57464,Linda Thomas,763.0,156.0
CY-57131-40270,Caleb Young,251.0,45.0
PK-92345-66691,Paul Kelly,605.0,72.0
BB-29552-78192,Brittany Bennett,60.0,11.0
JG-79680-18397,Joseph Green,11410.0,1860.0
AR-43413-65751,Angela Reilly,88.0,19.0
WK-92242-44698,William Kim,1658.0,221.0
JJ-30615-21627,Jesse Jones,660.0,144.0
LW-16873-47098,Linda Wong,143.0,25.0
AC-85411-12508,Ashley Cox,678.0,127.0
ER-96933-72971,Emily Roy,11395.0,1820.0
GT-54928-38550,Gregory Thompson,332.0,61.0
RN-69369-66649,Ryan Nguyen,6357.0,1249.0
CB-76925-99657,Crystal Baker,839.0,188.0
JS-68028-45251,John Stanton,509.0,108.0
MA-87914-96718,Misty Adams,616.0,76.0
NT-20829-31768,Nicole Tyler,7330.0,1307.0
JS-90369-92510,Jacob Salas,1177.0,92.0
WT-10537-73090,Wayne Thomas,269.0,35.0
RR-75125-31325,Robert Romero,9387.0,1502.0
CG-38526-13292,Cathy Guerra,347.0,78.0
PS-64331-90842,Patrick Scott,503.0,113.0
CG-27588-62011,Cody Green,127.0,16.0
MB-92909-88809,Mary Barry,664.0,183.0
LR-85013-42607,Lori Rodgers,1206.0,231.0
BS-49958-88452,Brandon Shaffer,10809.0,1894.0
MZ-41269-74313,Matthew Zimmerman,483.0,83.0
KC-84058-37893,Kenneth Contreras,1139.0,130.0
JR-51378-65417,John Raymond,894.0,136.0
LG-61696-71921,Louis Gray,870.0,131.0
MK-33903-98766,Marc King,409.0,35.0
MH-60787-96757,Marissa Howe,335.0,55.0
JC-16956-19675,Jenna Chandler,3120.0,530.0
AH-93596-90018,Adam Hayes,468.0,34.0
RV-97724-41184,Rodney Villegas,364.0,19.0
LC-88111-25813,Lisa Carter,1016.0,155.0
CF-26522-32930,Cody Fleming,933.0,212.0
MH-31927-19500,Mr. Jordan Howard,2398.0,216.0
GE-84672-29204,Gregory Estrada,1078.0,218.0
JC-30041-44353,Jacqueline Cohen,1718.0,479.0
AW-49689-71505,Alexander Walker,1147.0,178.0
CC-70597-33231,Christine Castillo,8492.0,1690.0
DS-37857-27916,Danielle Sanders,486.0,91.0
JY-19909-59383,Joshua Young,187.0,44.0
JH-21971-37739,Justin Hodges,760.0,144.0
JW-46678-63414,John Walker,2467.0,414.0
JG-18513-31497,Jessica Gordon,1206.0,231.0
FF-44562-71543,Frank French,200.0,52.0
TS-27614-58569,Taylor Simmons,987.0,187.0
ST-78752-49636,Stacy Taylor,130.0,17.0
AM-38435-49410,Abigail Mitchell,1316.0,217.0
MM-53603-39459,Matthew Mack,777.0,69.0
DH-44788-12899,Douglas Higgins,16311.0,3026.0
BT-46952-65010,Bob Thomas,19222.0,3418.0
AH-73340-52760,Austin Hall,1313.0,276.0
DT-11744-97718,Daniel Thompson,638.0,113.0
MM-25178-92094,Miranda Medina,640.0,120.0
DF-55462-31656,Donna Fletcher,249.0,46.0
CA-77123-85216,Catherine Abbott,2539.0,578.0
LK-16896-34581,Loretta Kerr,535.0,96.0
SY-70668-71382,Steven Yoder,336.0,63.0
RP-33444-23502,Robin Powers,5860.0,974.0
LJ-58709-18687,Leslie Jones,351.0,53.0
CH-33732-14819,Carrie Holt,682.0,77.0
JD-57050-12539,Jessica Doyle,1296.0,313.0
JH-17323-98769,Jasmine Hall,920.0,151.0
ES-50514-27429,Edward Spencer,313.0,93.0
KB-17909-19065,Kyle Baker,786.0,166.0
JR-70292-47738,Julian Rodriguez,971.0,183.0
MB-36909-48431,Megan Black,10651.0,2045.0
BG-60449-77302,Brian Gardner,90.0,20.0
KP-34340-43460,Kelly Pena,564.0,69.0
CM-52104-70563,Christopher Mcknight,412.0,79.0
KR-45035-71515,Kathryn Reid,89.0,22.0
EM-99311-96832,Erin Martinez,68.0,12.0
ND-90195-24550,Nicholas Dean,3417.0,429.0
CF-53511-25599,Christine Fitzpatrick,443.0,36.0
BR-49690-47819,Billy Reese,1399.0,291.0
KH-18596-57029,Karen Hernandez,520.0,34.0
AR-24520-51229,Anthony Robinson,614.0,84.0
SC-19058-28758,Scott Cooper,1744.0,258.0
TT-32396-95905,Thomas Thompson,590.0,129.0
AJ-85907-88627,Alexander Jackson,581.0,135.0
CR-27836-60012,Cody Ramirez,407.0,107.0
KJ-68696-77810,Kelly Johnson,1650.0,284.0
JM-62963-91940,Jeremiah Murphy,790.0,113.0
LS-32744-52664,Lauren Swanson,1386.0,332.0
KT-38517-86572,Kristina Turner,4834.0,709.0
AJ-76794-56454,Alan Jones,150.0,33.0
CS-12513-45802,Cynthia Sharp,1930.0,383.0
WL-30687-88832,Whitney Larson,899.0,235.0
GM-44940-89487,Gail Michael,3722.0,794.0
LR-29725-95117,Lisa Reed,709.0,99.0
MW-69152-13368,Melanie Wade,6707.0,1060.0
TJ-72870-44192,Tracy Jackson,1273.0,253.0
LH-91089-94285,Larry Hall,143.0,12.0
CM-24988-20743,Charles Morris,790.0,154.0
SM-14742-81921,Samantha Mckee,130.0,12.0
TW-29736-12534,Tracy Wright,648.0,143.0
GM-85134-25652,George Walters MD,229.0,44.0
BP-68969-65521,Brenda Parker,17905.0,2488.0
AV-57402-83971,Andre Valdez,3057.0,707.0
TA-59681-53602,Tracey Anderson,617.0,128.0
PW-94619-98840,Patrick Woodward,13474.0,1781.0
LL-41594-42689,Leslie Lawson,666.0,88.0
MB-96635-41618,Melissa Barber,1185.0,156.0
SC-99689-28755,Susan Cruz,1207.0,229.0
JC-37482-53556,Jason Carr,486.0,71.0
KM-75411-91388,Kelly Martinez,102.0,21.0
BJ-80180-66444,Brett Johnson,12701.0,2679.0
BO-41682-47608,Brittney Oliver,450.0,52.0
JT-32832-85486,John Thompson,9608.0,1808.0
AS-25437-42434,Anthony Schroeder,9785.0,1644.0
DB-31654-18981,Diana Boyle,691.0,96.0
RB-99054-85267,Randy Boyd,694.0,77.0
MB-91251-30265,Meredith Benton,18216.0,4140.0
MO-42890-82523,Miranda Olsen,581.0,82.0
CH-77602-18551,Claire Hammond,6536.0,1193.0
CR-49051-21679,Christy Rodriguez,4529.0,1015.0
CF-10204-38695,Christina Flores,459.0,84.0
AM-63753-97319,Anthony Mclaughlin,119.0,8.0
SR-40042-90166,Shane Rodriguez,266.0,15.0
KG-62897-31651,Kristine Gonzales,1790.0,255.0
CS-52379-53330,Carl Smith,422.0,56.0
KW-84162-11497,Katherine Williams,1056.0,203.0
JG-77388-50303,Jason Griffin,17841.0,2608.0
JF-45557-79539,Jeremy Fernandez,230.0,66.0
DS-50205-91194,David Sanders,466.0,96.0
MS-82140-39026,Mariah Smith,1059.0,208.0
JK-99395-29535,Jenny Krueger,243.0,68.0
SL-56176-30042,Sandra Lopez,574.0,121.0
BM-84053-92809,Beverly Martinez,2309.0,560.0
JG-87582-12918,Julia Gonzalez,627.0,139.0
SL-94187-31129,Scott Lucas,190.0,36.0
KN-71629-22660,Karen Nelson,17371.0,3628.0
CH-78540-38241,Crystal Huffman,793.0,79.0
JW-83359-73356,Jason Williams,2552.0,128.0
TH-21832-49553,Tiffany Harris,1278.0,263.0
KK-74898-80128,Kelly Kelley,452.0,101.0
JR-73324-55838,Jordan Rivera,2285.0,138.0
AL-59318-64000,Alexander Leblanc,905.0,146.0
DH-21608-28710,Deborah Horne,6591.0,1151.0
KG-11638-46662,Katrina Glover,423.0,21.0
MH-18932-97827,Miss Jasmin Hart,901.0,123.0
AS-41573-35805,Anthony Sanchez,786.0,175.0
JC-53994-89870,James Conley,1130.0,175.0
HB-77109-60158,Henry Blake,425.0,104.0
MY-51505-49611,Monica Young,770.0,148.0
AG-63349-54169,Allison Gonzalez,1301.0,232.0
DG-11412-17647,Dalton Gonzalez,1090.0,195.0
TH-14361-89113,Tonya Huerta,397.0,26.0
JL-71586-31837,Jared Long,51.0,14.0
DO-29766-70440,Diane Oneill,405.0,120.0
TD-14485-20297,Thomas Washington DDS,1249.0,187.0
JS-27660-86489,Jason Shaw,758.0,90.0
JG-27243-24097,Jennifer Graham,886.0,198.0
MS-88253-78473,Matthew Stewart,485.0,80.0
EW-44287-36716,Erin Williamson,10713.0,1850.0
HM-28993-96445,Henry Mitchell,19028.0,4651.0
JR-87910-14271,Jeff Roberts,775.0,116.0
TW-30929-53524,Todd White,2133.0,336.0
RP-76539-19972,Rebecca Potter,562.0,101.0
LM-32347-62370,Lisa Mcguire,19282.0,3778.0
JR-27899-31155,Joann Rasmussen,1196.0,265.0
BH-60719-74610,Beth Hendricks,691.0,118.0
JM-76379-51415,James Marsh,434.0,90.0
JH-87865-85923,Juan Hubbard,2337.0,493.0
JH-38290-51222,Julia Hanson,230.0,43.0
DA-41225-34426,Dustin Arnold,240.0,34.0
PR-64708-98761,Paula Russell,722.0,199.0
AR-26025-49762,Alexa Robertson,811.0,165.0
JB-89109-84413,James Brown,1409.0,178.0
CA-89832-92240,Chloe Ayala,1079.0,208.0
AF-23803-40178,Angel Flowers,241.0,50.0
KS-56382-72882,Kristie Stewart,1080.0,265.0
AD-50354-78254,Alexis Davis,344.0,41.0
JW-54062-22152,Jenna Williams,5716.0,1229.0
LH-97166-61534,Lauren Henry,801.0,87.0
ML-47108-38304,Matthew Leonard,612.0,117.0
LC-64166-41859,Lori Collins,1086.0,137.0
AB-97508-83115,Adam Barton,862.0,72.0
DF-12729-41621,Daniel Fox,1685.0,217.0
TJ-24190-27199,Troy Jones,240.0,61.0
DS-33912-28361,Denise Sharp,852.0,201.0
AW-67516-45553,Alec Wilson,421.0,109.0
JE-44037-96713,Joshua Ewing,1541.0,265.0
JD-33982-95699,Jasmine Dunlap,1034.0,115.0
GP-13539-67871,Gregory Porter,3800.0,770.0
CV-84124-23625,Cindy Vang,306.0,63.0
DJ-12798-24023,Deborah Johnson,812.0,118.0
KK-23961-22801,Kelly King,1120.0,189.0
KF-94250-28772,Katherine Flynn,507.0,79.0
TO-93643-71457,Tamara Ortiz,375.0,99.0
DN-54436-72804,Daryl Nguyen,876.0,161.0
MB-54754-35135,Matthew Barnett,1229.0,243.0
SH-34150-85174,Sergio Hopkins,370.0,36.0
CC-16390-59117,Corey Clark,13771.0,2804.0
LP-94799-84017,Lisa Pierce,249.0,44.0
CF-44373-58374,Colin Forbes,617.0,140.0
NJ-44774-40304,Nancy Jones,771.0,80.0
BW-68883-63189,Brian Ward,2094.0,484.0
SA-39368-56880,Steven Allen,691.0,155.0
MF-58435-14435,Mrs. Lisa Fernandez,1989.0,433.0
JM-68266-92435,Jonathan Miranda,349.0,101.0
LB-87971-47046,Leslie Baker,9761.0,1621.0
JR-21020-98595,James Rhodes,306.0,82.0
JM-62256-76717,Joseph Moore,1230.0,270.0
NF-31251-13826,Nancy Foster,2135.0,282.0
RW-56692-72983,Ryan Weber,602.0,76.0
MY-64726-32062,Michael Yu,438.0,113.0
EB-72488-54590,Erin Barnett,679.0,98.0
RD-66730-34944,Rachael Davis,5924.0,891.0
TC-31957-22453,Tonya Cardenas,7632.0,1341.0
SB-99569-53088,Scott Burke,10717.0,2049.0
JW-68126-63054,Justin Weaver,175.0,25.0
TF-23568-82085,Tiffany Fleming,887.0,155.0
SM-30037-85192,Sarah Mercado,489.0,58.0
PS-70788-23992,Peggy Sims,683.0,68.0
AC-42838-39485,Angel Clarke,873.0,165.0
AH-55128-40306,Aaron Hart,282.0,46.0
CJ-56784-91993,Caleb Jones,473.0,121.0
LH-69006-84669,Leah Hays,370.0,57.0
CN-69097-33677,Christopher Nash,206.0,19.0
RS-86823-94907,Robert Sullivan,1500.0,154.0
SE-34620-41313,Samantha Elliott,7132.0,1594.0
TG-32582-41223,Tiffany Garza,1201.0,145.0
KW-86626-46877,Kevin Watson,873.0,131.0
JB-61334-15888,Jonathan Brewer,431.0,112.0
JB-84344-34704,James Brown,480.0,86.0
JB-18216-49090,James Ball,750.0,109.0
AV-83192-96768,Adam Valenzuela,175.0,32.0
AH-67676-16002,Amanda Hancock,114.0,8.0
HC-33277-76815,Hayley Carter,277.0,75.0
KB-76260-59866,Kristin Barry,316.0,89.0
TR-59588-29905,Timothy Rosario,1686.0,233.0
MH-92659-84989,Michael Harris,6306.0,1225.0
WP-29728-67582,Wayne Wong PhD,872.0,169.0
MW-21626-59997,Miss Brenda Williamson,601.0,91.0
TS-46753-51747,Tasha Sheppard,982.0,165.0
BL-34450-76169,Bobby Lopez,424.0,82.0
KB-22759-29906,Kelsey Beck,193.0,56.0
KN-67931-40482,Kenneth Neal,313.0,70.0
CJ-47163-93396,Christopher Johnson,85.0,21.0
EJ-15557-29782,Eduardo James,597.0,116.0
MS-16918-22582,Mario Scott,25098.0,3402.0
KP-51938-32807,Keith Powell,264.0,29.0
LM-35093-53252,Linda Deleon MD,325.0,60.0
BT-51202-79005,Brittney Torres,618.0,116.0
CR-34864-56368,Charles Rich,1092.0,228.0
BP-41086-29893,Brandon Pruitt,918.0,179.0
CD-66117-94196,Charles Dixon,949.0,242.0
CH-91246-96989,Charles Harmon,7519.0,1500.0
AC-34478-74568,Ana Carpenter,271.0,36.0
MR-49699-13079,Megan Robles,11492.0,2133.0
WW-15765-87822,Walter Wong,2423.0,473.0
DR-73224-73827,Dawn Robinson,379.0,43.0
MW-23369-25625,Matthew Wang,21165.0,4783.0
LW-85539-13634,Lisa Wheeler,1424.0,297.0
HR-54555-54131,Heather Richards,884.0,110.0
BM-10794-24542,Bianca Williams MD,601.0,105.0
RS-48906-34096,Regina Scott,10554.0,1564.0
AN-70818-66952,Angela Nguyen,6417.0,1038.0
JJ-34295-37110,Jordan Jensen,867.0,155.0
JR-73536-63487,John Reed,895.0,230.0
JD-84262-56776,Joshua Davis,6687.0,1039.0
AF-23589-26962,Amy Fisher,727.0,99.0
AW-38034-87513,Angela Willis,1006.0,118.0
SM-99209-32318,Stephanie Moon,1261.0,270.0
EK-68168-90132,Evan Kerr,685.0,111.0
CM-22975-89251,Christopher Maynard,921.0,124.0
KH-36441-89912,Kimberly Hamilton,1127.0,175.0
BB-44944-87438,Brianna Burke,722.0,164.0
MP-31096-95962,Mark Phillips,1216.0,228.0
MC-74122-34710,Mark Carroll,3031.0,750.0
JM-68068-78975,Jordan Maxwell,1216.0,99.0
AG-94043-93262,Amy Gutierrez,196.0,46.0
MF-33351-66522,Mrs. Melanie Forbes,660.0,185.0
JJ-74685-74638,Jose James,1283.0,165.0
RO-95067-46492,Roger Owens,7517.0,1476.0
KW-46675-82708,Kathryn Williams,1268.0,134.0
MG-35292-60514,Margaret Gilmore,1700.0,259.0
KL-15803-27732,Katie Lam,1992.0,355.0
LM-54586-33499,Loretta Moore,404.0,54.0
AA-12516-36662,Anthony Andrade,12590.0,2303.0
DN-88739-52208,Daniel Newman,691.0,129.0
LF-32656-90720,Lisa Fox,484.0,110.0
JM-22455-50987,Juan Martinez,1016.0,160.0
DS-71123-41263,Diana Sanchez,482.0,74.0
RM-13421-63049,Ronnie Morgan,1456.0,234.0
JO-37584-14861,Jennifer Oconnell,114.0,31.0
DA-26966-99997,Dana Austin,442.0,59.0
KC-67607-72774,Kirk Crane,355.0,47.0
DH-45226-81172,Daniel Harrell,6256.0,1096.0
DM-66445-33525,Dawn Mccall,546.0,106.0
RA-50215-68169,Ryan Anderson,724.0,129.0
TW-13204-12219,Tanner Wilson,1412.0,220.0
TB-33769-62207,Tara Baker,147.0,11.0
PB-75771-78905,Pamela Benson,241.0,37.0
MS-63524-29900,Mckenzie Salinas,471.0,86.0
MT-18701-41044,Monique Thompson,22581.0,4591.0
SH-49339-58633,Scott Harrington,10624.0,1654.0
MW-43964-55440,Mark Williams,498.0,53.0
RC-44133-88034,Randall Cook,8405.0,1526.0
AD-55401-12432,Alexandra Martinez DDS,350.0,24.0
JH-96071-79566,Johnathan Hernandez,4893.0,781.0
DM-47587-77263,Dr. Michael Mccann,718.0,146.0
SF-11195-18106,Sydney Freeman,687.0,144.0
KJ-59188-23695,Kimberly Johnson,325.0,37.0
JR-59316-31523,Jessica Rice,1650.0,122.0
JR-24455-20148,Joshua Ramos,4514.0,907.0
JC-28760-54166,Joan Campbell,842.0,170.0
PT-97238-55515,Paula Taylor,75.0,18.0
NA-59734-99342,Natalie Alexander,275.0,24.0
ET-36609-95594,Elizabeth Taylor,616.0,54.0
TS-77688-24899,Thomas Sandoval,477.0,88.0
GW-98440-79937,Grace Watkins,7632.0,1387.0
RW-51833-70648,Robert Warner,383.0,93.0
MS-54243-33253,Mary Stein,250.0,38.0
MC-94331-76942,Melissa Castillo,7070.0,1108.0
BB-84167-19725,Bruce Brewer,906.0,124.0
JT-83260-13994,Joshua Thomas,311.0,43.0
JM-32436-52552,Justin Martin,7122.0,1081.0
EB-91150-31416,Edward Brown,18398.0,3197.0
AP-97768-41329,Adam Pearson,1083.0,167.0
LE-66225-79494,Lisa Elliott,190.0,30.0
RR-52137-72054,Rachel Reyes,273.0,77.0
EI-74046-55055,Ethan Moore II,2064.0,375.0
DM-70921-53640,Dr. Jason Morrison,394.0,94.0
SF-64784-42447,Sarah Freeman,291.0,52.0
MP-57187-71259,Maria Perez,440.0,108.0
HH-41098-90107,Heather Harrell,104.0,5.0
SS-64362-64975,Samantha Sharp,452.0,114.0
NP-89956-63245,Natalie Park,316.0,83.0
BB-97983-65118,Brendan Branch,11695.0,1936.0
CR-48526-85158,Casey Robertson,487.0,56.0
LD-18539-62544,Laura Dyer,781.0,165.0
JB-86698-38990,Jason Bridges,413.0,71.0
KL-78027-18678,Krystal Lester,564.0,135.0
WM-45071-90345,William Murray,576.0,67.0
NB-83232-46816,Noah Burgess,612.0,84.0
KD-80400-20067,Kevin Dorsey,12155.0,2199.0
CY-56507-89161,Casey Yang,1059.0,195.0
JJ-10318-35150,Jocelyn Jackson,1128.0,252.0
EM-41125-95313,Emma Mckee,302.0,55.0
ST-71186-84311,Steven Townsend,10335.0,1749.0
JL-83490-92444,Jordan Lee,713.0,112.0
JG-98897-31449,Jennifer Garcia,565.0,50.0
CW-43707-54239,Cynthia Willis,2288.0,293.0
CH-80239-78288,Cynthia Huffman,823.0,147.0
SG-79722-43702,Steven Graham,4001.0,413.0
SK-58324-26274,Sherri Kennedy,875.0,151.0
GY-72522-66586,Gina Yang,589.0,60.0
TM-36051-79254,Tracey Mccarthy,23005.0,4200.0
CD-62403-61354,Carrie Davidson,212.0,19.0
RF-53854-91213,Rachael Fischer,1203.0,165.0
VE-60493-41074,Virginia Edwards,387.0,71.0
SP-21192-14254,Sean Parker,1947.0,294.0
CS-58457-94256,Carrie Shaw,971.0,174.0
AC-79675-29506,Angela Cunningham,776.0,109.0
TC-62356-93556,Tammy Church,730.0,101.0
BW-19896-10712,Bethany Wright,11865.0,2842.0
DM-23747-24169,Deborah Miller,6245.0,1032.0
CK-77960-34102,Chloe King,614.0,118.0
GG-62764-41603,Gregory Gonzales,1720.0,355.0
JB-98043-96219,Jeffery Becker,817.0,73.0
MH-79152-57717,Meghan Hamilton,74.0,17.0
HJ-69723-55884,Haley Jones,11901.0,2042.0
SH-57690-49673,Spencer Hill,103.0,6.0
TD-74433-97647,Tracy Juarez DDS,543.0,115.0
JC-68792-86221,Jennifer Campbell,12075.0,1995.0
KM-24969-38432,Karen Marshall,11634.0,1993.0
MC-15889-85907,Morgan Clarke,490.0,135.0
CS-99565-85618,Casey Scott,982.0,98.0
JB-75352-55664,James Becker,1382.0,206.0
TW-87715-29819,Thomas Williams,396.0,50.0
WS-54905-23205,Walter Smith,19918.0,3632.0
CS-11623-56419,Christina Smith,749.0,180.0
JT-36245-38138,Julie Tate,8677.0,1457.0
AS-15095-65156,Alexander Simmons,764.0,141.0
JP-50264-59406,Jeremy Patterson,900.0,207.0
MJ-86506-42905,Megan Jordan,377.0,66.0
DC-12747-24611,David Curtis,1532.0,258.0
NW-73017-26848,Nathan Williams,1595.0,378.0
RL-41884-21156,Renee Lewis,1070.0,121.0
KB-99521-11580,Krista Bridges,10840.0,2170.0
DW-29166-66304,Dan Warren,357.0,52.0
KS-65386-23172,Kimberly Smith,8533.0,1468.0
JR-35347-48442,Juan Rodriguez,8009.0,1264.0
VS-40005-37089,Vanessa Schultz,7932.0,1504.0
TT-56025-37239,Thomas Tanner,877.0,116.0
NA-52109-17044,Natasha Anderson,836.0,143.0
PC-37908-62846,Patrick Casey,477.0,128.0
DG-70895-21896,Debra Griffin,531.0,71.0
TW-63175-97108,Timothy Williams,919.0,209.0
JC-17090-98838,Joyce Casey,406.0,114.0
LW-57196-67695,Louis Wood,485.0,117.0
GS-45497-36855,Gregory Smith,456.0,34.0
AM-30385-12599,Anthony Mathews,1146.0,163.0
ER-52105-48791,Emily Reid,653.0,138.0
TM-64406-53416,Tyler Martin,15226.0,2314.0
AR-27082-10166,Anthony Riley,1588.0,193.0
KD-19706-92826,Keith Dalton,116.0,23.0
SK-88060-84275,Sylvia Kennedy,1487.0,226.0
TS-83924-61111,Tabitha Simmons,782.0,146.0
CA-39834-28238,Cheryl Anderson,244.0,50.0
SD-52745-63277,Stacy Davis,868.0,107.0
CH-28325-29449,Christy Harrison,1557.0,431.0
KG-90695-52146,Kimberly Garza,628.0,116.0
RC-20935-66912,Ronald Cherry,376.0,81.0
DB-48838-64338,David Bailey,875.0,149.0
AL-51316-77907,Austin Leon,1673.0,358.0
MM-36000-57161,Mrs. Mary Osborne MD,1219.0,169.0
AC-43341-32096,April Carey,472.0,24.0
AO-55874-55922,Ashlee Oconnor,5193.0,849.0
MW-11144-83308,Michael Webb,923.0,136.0
DD-44056-20926,Dylan Davis,8899.0,1475.0
TS-93783-22438,Terry Sanchez,377.0,90.0
AA-60282-95274,Aaron Allen,1295.0,210.0
AD-34525-95156,Anne Doyle,790.0,156.0
DR-99091-76230,David Ramirez,651.0,135.0
BW-78660-33790,Brian Wilson,268.0,44.0
LS-81330-57419,Lisa Simpson,1350.0,208.0
SL-34257-65477,Sean Larsen,6383.0,873.0
TT-94579-39132,Theresa Thomas,926.0,191.0
VL-50329-52937,Veronica Lowe,1331.0,239.0
CF-63224-95791,Collin Flores,9351.0,1646.0
SP-52820-67100,Samantha Porter,5581.0,943.0
BA-62420-49623,Bonnie Adkins,2074.0,318.0
DO-20290-75292,Dr. Joann Oconnor,498.0,87.0
BM-30272-29564,Brittany Moore,710.0,79.0
MB-89912-53963,Misty Bruce,1597.0,226.0
SG-59500-20776,Stephen Gonzalez,135.0,21.0
DP-51778-92704,Duane Park,387.0,114.0
JE-79556-23178,James Ellis,403.0,93.0
EM-35642-26144,Edward Martinez,581.0,69.0
DV-85073-31561,Dawn Vasquez,676.0,157.0
ML-82317-43391,Melissa Lane,520.0,44.0
VH-47921-41380,Victoria Hernandez,1626.0,207.0
MA-80514-11802,Mr. Matthew Andrade,196.0,27.0
CT-74828-36073,Caleb Torres,706.0,124.0
PM-38387-99773,Philip Moreno,873.0,146.0
DO-34759-34411,Derrick Owen,230.0,45.0
EC-94369-16139,Elizabeth Coleman,1513.0,278.0
DM-14849-39191,David Mason,439.0,58.0
AW-47858-35578,Ashley Walton,419.0,94.0
BJ-48166-52708,Brandon Jackson,8263.0,1643.0
LD-41225-15419,Larry Daniels,443.0,73.0
WH-16042-49283,William Holmes,17825.0,2404.0
CW-56036-94431,Chelsea White,1189.0,272.0
ND-38320-18861,Natalie Dudley,146.0,34.0
AP-54291-74559,Angela Parrish,790.0,118.0
MA-87142-81327,Melanie Atkinson,351.0,104.0
SH-26907-53287,Sarah Harvey,929.0,206.0
AC-50626-63735,Amber Cobb,1523.0,237.0
DF-30057-43742,Darrell Flynn,313.0,90.0
JG-76494-27703,James Graves,1623.0,332.0
CP-33352-38269,Christopher Peters,328.0,73.0
MA-34269-93710,Matthew Ayers,1497.0,229.0
DJ-99184-45660,Darlene Jackson,195.0,25.0
BS-19025-77592,Belinda Salas,1521.0,313.0
RS-34354-60771,Russell Smith,3983.0,741.0
KB-82486-52976,Katherine Bishop,394.0,94.0
JJ-62020-75788,Joshua Perez Jr.,1685.0,106.0
AG-87238-89843,Angela Garcia,210.0,51.0
BV-49658-20497,Brandon Velez,1183.0,180.0
JB-38493-79189,Jamie Brown,1559.0,317.0
MM-86292-73220,Michael Miller,293.0,73.0
ND-71936-65568,Nicole Dickerson,822.0,142.0
DD-58328-15222,Dr. Christina Robbins DDS,777.0,161.0
BB-73305-11657,Brian Bennett,1177.0,244.0
JA-25298-63944,Joanna Austin,230.0,68.0
ER-86299-29266,Elizabeth Ramos,15861.0,2948.0
MP-19055-36051,Mary Page,178.0,21.0
RG-55266-16634,Rebecca Gonzalez,2130.0,542.0
CG-71033-50672,Christopher Gill,13165.0,1943.0
MD-90912-36856,Michael Daniels,1007.0,171.0
ZW-54116-74549,Zachary Williams,2177.0,399.0
SG-49626-14147,Susan Graham,1067.0,135.0
DL-63885-56178,Derrick Lopez,8170.0,1638.0
JP-71440-97534,Julie Palmer,175.0,46.0
AM-33918-91613,Alan Morgan,9253.0,1250.0
SC-70469-46650,Stephen Chung,389.0,103.0
DS-19575-22227,David Schaefer,1361.0,183.0
NN-73995-28282,Nicole Newman,6368.0,1287.0
JJ-82778-43443,Jason Jones,6824.0,1210.0
PJ-54194-46905,Pamela Jenkins,252.0,74.0
BM-98483-24497,Benjamin Mccall,321.0,57.0
GG-23679-39285,George Gardner,857.0,99.0
SM-91837-61504,Stephanie Maxwell,13436.0,2109.0
CC-87740-20312,Christine Collier,965.0,260.0
SS-42901-26716,Sarah Sharp,488.0,75.0
AA-95094-27149,Anthony Arias,673.0,138.0
SB-36927-49400,Sandra Bailey,10531.0,1571.0
KJ-18695-94179,Kimberly Jenkins,1140.0,191.0
BC-89331-96756,Brittany Collins,621.0,112.0
WW-40730-13252,William Werner,1636.0,396.0
SD-31715-73752,Seth Delgado DDS,807.0,162.0
JK-76561-16218,Joseph King,750.0,161.0
AT-48354-77371,Anthony Thompson,156.0,10.0
MP-21151-55041,Michael Perry,12218.0,2031.0
MV-70493-14921,Martha Vega,2252.0,430.0
GN-30214-12800,George Nelson,823.0,110.0
HP-87185-39539,Heidi Perez,619.0,92.0
MK-43040-97736,Matthew Knox,1282.0,232.0
MI-76537-13707,Mr. Arthur Diaz IV,428.0,40.0
AH-14190-81967,Angela Haynes,2978.0,479.0
ZS-60976-76234,Zachary Stone,641.0,128.0
AL-20099-94180,April Love,3546.0,566.0
LK-33958-50470,Laura Kane,272.0,78.0
LH-88173-96181,Laurie Holland,489.0,142.0
JT-31107-42172,James Thompson,349.0,53.0
CD-93968-13922,Cody Davis,331.0,46.0
CS-32926-77083,Carolyn Santos,2360.0,489.0
SP-70687-59822,Sarah Pollard,701.0,106.0
TJ-36653-94570,Tiffany Jordan,440.0,50.0
AD-55971-30508,Amy Davis,2937.0,330.0
SM-41700-58857,Susan Mitchell,1158.0,275.0
TP-26938-48664,Travis Peterson,379.0,50.0
DM-23463-64660,Danny Myers,6984.0,1190.0
CW-27261-26141,Charles Wood,421.0,70.0
DJ-25261-84815,Dale Johnson,1412.0,124.0
KR-60914-10953,Kenneth Riley,2138.0,476.0
SR-52286-43127,Sandra Randall,1937.0,405.0
CG-17157-34705,Charlene Gonzalez,1486.0,224.0
TJ-90191-43858,Tina Johnson,2941.0,560.0
DL-51196-51276,Dana Lee,429.0,79.0
JJ-54520-21509,Johnny Johnson,484.0,114.0
ST-78821-93673,Sharon Thompson,194.0,28.0
KS-68131-12254,Kelly Schultz,999.0,122.0
JH-13436-57086,James Hicks,273.0,80.0
RS-93920-62068,Randy Spencer,1500.0,240.0
AV-18303-38635,Alan Vance,1921.0,351.0
MS-41873-93287,Monica Sweeney,6479.0,1123.0
EN-57043-73095,Eric Nguyen,490.0,61.0
CH-71136-29277,Chelsea Harris,1504.0,192.0
AB-70239-72802,Amy Blanchard,2283.0,584.0
JS-14388-35947,Juan Stewart,873.0,111.0
DD-39142-74016,Denise Davis,10560.0,1699.0
KW-58761-35471,Kyle Weber,7771.0,1416.0
OP-32639-45669,Olivia Patel,873.0,111.0
JS-10861-70963,Joseph Sanchez,1252.0,206.0
SJ-59195-22313,Stacy Jordan,1031.0,185.0
MK-10393-48215,Matthew Kennedy,9975.0,1491.0
MT-84333-46072,Michael Torres,758.0,104.0
GW-52292-19398,Gary Wilkinson,16200.0,3133.0
JF-67345-75291,John Fowler,577.0,152.0
ML-99767-89869,Michael Le,154.0,19.0
JL-48141-29424,Jacob Lee,1909.0,279.0
HB-55877-72769,Heather Bishop,139.0,41.0
MM-25834-71999,Melanie Moore,2097.0,322.0
RF-12820-72685,Ronald Frye,168.0,12.0
MK-49416-99625,Matthew Klein,21297.0,4367.0
MD-34516-30931,Mrs. Diane Nicholson DDS,654.0,176.0
JM-80151-23809,Jeffrey Mills,718.0,116.0
MB-13308-41536,Michael Benjamin,1365.0,267.0
NY-90255-70095,Nicholas Young,1045.0,226.0
JJ-14805-59196,Justin Jones,268.0,75.0
MB-86136-85935,Mark Bell,1193.0,269.0
JG-76846-27530,Joshua Glenn,249.0,58.0
CC-33989-94662,Corey Crane,2790.0,600.0
EJ-59585-78402,Erica Johnson,1970.0,360.0
MC-58102-98715,Mark Cochran,772.0,100.0
MB-68785-14793,Michael Boyle,5819.0,1073.0
GP-16183-79560,Garrett Patterson,399.0,71.0
RH-31014-73096,Robert Hernandez,6434.0,1122.0
JT-19363-53316,Jamie Trujillo,172.0,50.0
NH-26662-92923,Nicole Hubbard,4558.0,846.0
WJ-80712-54895,William Jackson,13726.0,2504.0
JL-80287-31500,Jeffrey Lyons,8721.0,1476.0
JS-82364-31397,James Smith,10609.0,2116.0
JL-90868-73409,Jenny Li,547.0,102.0
JW-89252-59661,Jason Washington,602.0,138.0
RC-77380-20093,Robert Cooper,844.0,138.0
CP-19294-86167,Cynthia Price,1058.0,267.0
JW-78814-87463,Jennifer West,436.0,81.0
WM-72207-20793,Wanda James MD,2126.0,352.0
ED-97593-55582,Eric Dudley,475.0,111.0
DB-95166-69421,Deanna Bennett,220.0,45.0
TA-68598-85806,Timothy Avila,688.0,88.0
AL-43527-46130,Alyssa Levine,990.0,92.0
KF-88331-92045,Kendra Ferrell,906.0,216.0
CF-79484-64153,Christopher Frost,6128.0,1509.0
JR-76692-62843,Jennifer Richardson,713.0,149.0
CG-89717-80618,Cindy Gray,600.0,114.0
TM-77388-45554,Tracey Miller,304.0,58.0
CC-55446-32957,Charles Cannon,2016.0,475.0
RP-30405-55062,Richard Padilla,3884.0,657.0
KK-52197-86325,Kathryn Kim,68.0,12.0
RV-95024-23158,Ryan Vargas,183.0,13.0
BS-76028-62217,Brian Shepherd,373.0,82.0
BS-44897-86378,Brandy Stone,339.0,72.0
RN-91733-16665,Ryan Nelson,664.0,108.0
JR-28829-73590,John Rodriguez,8856.0,1557.0
EC-25353-86049,Elizabeth Curtis,1860.0,329.0
JF-95033-34309,John Flores,499.0,109.0
BG-55928-63023,Benjamin Galvan,835.0,119.0
JB-78956-23189,Jessica Brown,11015.0,1761.0
JC-54964-42903,Johnny Cox,384.0,39.0
CN-25096-80539,Colin Nelson,336.0,72.0
CD-52201-30000,Cody Davis,728.0,133.0
AN-54341-79252,Aaron Nicholson,9386.0,1672.0
NL-58180-38823,Nancy Lin,9569.0,1695.0
AG-93117-19118,Anthony Griffin,23023.0,2503.0
TG-20308-75769,Tammy Gaines,358.0,59.0
NC-97820-60561,Nicholas Castillo,174.0,32.0
ZG-94396-32559,Zachary Gray,9841.0,1699.0
SP-51630-94549,Sandra Patton,1009.0,149.0
MS-25955-11685,Melinda Smith,285.0,18.0
SH-13586-84576,Sandra Horne,255.0,70.0
DJ-16420-70986,Dennis Jackson,7262.0,1252.0
CR-22840-96697,Cathy Robles,970.0,181.0
AW-25834-84011,Amanda Watson,327.0,36.0
MW-71848-38304,Margaret Welch,462.0,72.0
KW-54039-80874,Keith Wang,388.0,33.0
JM-40657-78126,James Martin,981.0,154.0
JB-92482-58676,Jordan Bryant,11673.0,1881.0
EB-96653-76217,Emily Brown,7272.0,1311.0
JO-45684-90818,Joshua Osborne,5109.0,741.0
AK-93508-54235,Alyssa Koch,848.0,181.0
DW-12310-22446,Dustin Williams,606.0,102.0
MB-64832-58272,Melissa Blankenship,7478.0,1367.0
AW-18647-30429,Amanda Wise,8051.0,2142.0
GT-33199-83511,Geoffrey Torres,10600.0,2075.0
EM-28524-30309,Erin Marquez,10195.0,1794.0
JM-15447-61944,Jennifer Miller,8694.0,1466.0
CA-60251-13055,Carl Anderson,4022.0,893.0
KA-55485-75658,Kelly Adams,595.0,119.0
DO-78602-64206,Dustin Osborne,619.0,145.0
ZH-14626-63309,Zachary Hill,672.0,108.0
JG-31795-71619,James Garcia,3890.0,935.0
SN-96522-78201,Shelby Nichols,1412.0,212.0
KS-59743-91061,Kimberly Sanders,737.0,152.0
SH-62937-93173,Scott Hansen,388.0,113.0
TS-87074-81895,Timothy Schmidt,1123.0,224.0
LB-92541-15552,Leah Beard,669.0,130.0
JG-67839-33723,Joel Gonzalez,158.0,12.0
MC-33649-73341,Michael Choi,1325.0,198.0
JR-78620-81350,John Riley,7742.0,1378.0
DB-22789-73469,David Booth,861.0,193.0
CH-61881-23987,Craig Hernandez,867.0,174.0
CR-20847-78544,Cristian Ross,570.0,99.0
RW-98189-90191,Robert Wong,1250.0,286.0
MC-21341-10667,Michael Castro,6269.0,1257.0
RW-73448-56167,Rachel Wang,187.0,35.0
JW-94685-48488,Janet Wise,5714.0,1037.0
KM-30660-24560,Kelly Miles MD,1968.0,480.0
NE-69222-54661,Nicole Edwards,268.0,78.0
BT-76802-33857,Brandon Thomas,971.0,205.0
MT-27752-64933,Matthew Thomas,1398.0,119.0
IP-78189-32094,Isaac Phillips,814.0,91.0
BW-31383-29453,Bobby Wilkins,263.0,52.0
DH-59741-59152,Dr. John Harrington,645.0,128.0
KW-69638-19296,Kevin Wood,410.0,44.0
JJ-16285-93884,Jonathan Jackson,1536.0,268.0
JW-90393-77788,Justin Warner,331.0,50.0
DM-82440-25503,Derek Mason,616.0,117.0
CW-65934-33502,Crystal Winters,475.0,133.0
SR-27612-81497,Sarah Reid,141.0,34.0
SS-90378-77152,Stephen Schwartz,245.0,14.0
KW-94273-51297,Kaitlin Wilkinson,137.0,20.0
AC-35688-76841,Alexandra Cochran,391.0,75.0
DP-16293-53654,David Page,458.0,31.0
TR-95134-18410,Theresa Rice,1068.0,262.0
JK-11972-31353,Jonathan Kelley,10456.0,1976.0
SH-17917-63728,Scott Hayes,8111.0,1397.0
BW-61667-63102,Brandon Wallace,451.0,95.0
KH-33297-63861,Kathryn Hendrix,7022.0,1295.0
SM-17194-27308,Stacey Mitchell,390.0,29.0
DS-66963-11436,Deborah Serrano,13786.0,2240.0
CN-36274-65308,Carl Nelson,11568.0,2438.0
RC-80853-34081,Rebecca Clay,376.0,27.0
MH-22539-15466,Michael Hill,1251.0,177.0
TL-34549-93580,Tiffany Lee,1648.0,433.0
EB-19345-64337,Elizabeth Butler,1354.0,144.0
DW-44635-15992,David Wade,282.0,42.0
GP-65701-72589,Gary Pineda,1541.0,272.0
BS-61081-38144,Brandon Shaw,70.0,8.0
RB-37700-73609,Rebecca Burke,1389.0,264.0
JR-43237-28176,Jacqueline Robinson,992.0,193.0
DG-89903-84343,Dr. Stacey Grimes,141.0,30.0
JJ-33132-50291,James Johnson,823.0,73.0
JL-34255-12302,Jose Long,6846.0,1312.0
GC-79496-65888,Gregory Combs,460.0,26.0
GS-79280-36235,George Swanson,573.0,54.0
SP-81899-86410,Sarah Parks,18035.0,2100.0
BJ-33820-23680,Brandon Johnson,659.0,128.0
LR-68752-17734,Laura Reynolds,1603.0,354.0
CE-83248-47987,Cheryl Elliott,305.0,69.0
RH-30117-38347,Ricardo Hendricks,883.0,138.0
TK-65095-59357,Tamara Klein,206.0,34.0
SH-67698-90765,Samuel Hickman,968.0,148.0
FT-78881-79334,Frederick Turner,744.0,124.0
MM-23358-81814,Ms. Angela Mccann,1120.0,243.0
JW-52755-44743,Julie Weaver,4932.0,1208.0
DJ-51010-84082,Danielle Jackson,1844.0,287.0
CS-58653-36307,Charles Sexton,212.0,36.0
RA-50521-33045,Richard Allen,994.0,160.0
BW-42185-28728,Belinda Woodard,14052.0,2022.0
RB-93217-42465,Richard Beltran,1086.0,254.0
RN-41330-78006,Robin Nguyen,1843.0,350.0
GT-31367-45431,Gabriel Thomas,297.0,70.0
MM-59850-44560,Mrs. Courtney Pitts MD,461.0,31.0
PS-93097-53149,Paul Santana,932.0,159.0
DC-30142-50109,Diana Cohen,9634.0,1623.0
MR-84746-13771,Mitchell Robinson,1029.0,186.0
NH-20926-46085,Norman Hamilton,707.0,77.0
JW-31204-13094,Jamie Wilson,736.0,160.0
LB-32347-44527,Laura Bryant,1389.0,284.0
TM-63234-82210,Tammy Murphy,1282.0,216.0
DC-33819-64081,Dr. Diana Conway,165.0,21.0
MM-14094-26510,Michael Ramos MD,540.0,118.0
KC-64984-48052,Kyle Cook,181.0,16.0
JD-69384-49041,Jenna Daugherty,2423.0,424.0
SW-76807-16142,Shane Williams,358.0,59.0
BG-88941-35165,Brian Gibbs,166.0,22.0
MJ-23605-35884,Michelle Johnson,1345.0,158.0
AR-75548-28979,Anna Rodriguez,1321.0,165.0
BK-51322-67062,Brittany Knight,123.0,37.0
CG-10586-96722,Christian Gross,1143.0,239.0
SS-26390-46440,Sean Shaw,1218.0,200.0
MM-15024-48689,Mr. Joseph Smith MD,307.0,34.0
ML-31794-76570,Mary Lindsey,1059.0,121.0
TD-86878-91740,Tiffany Durham,964.0,172.0
AJ-14037-91267,Ashley Johnson,252.0,37.0
MD-22413-91623,Mrs. Kelly Davis,452.0,110.0
JB-31767-43744,Jamie Bond,283.0,39.0
DS-99459-89030,Debra Summers,1360.0,210.0
ML-16714-82595,Michelle Lewis,110.0,28.0
MD-86435-40124,Melissa Davenport,1323.0,140.0
AA-38178-55666,Andrew Abbott,325.0,58.0
JM-25554-46724,Jessica Martinez,437.0,73.0
WO-48464-79801,Wesley Oconnor,5243.0,1143.0
AA-84200-21771,Amber Alexander,814.0,148.0
NJ-13058-12932,Natalie Johnston,1896.0,398.0
LS-25633-54397,Laura Schmidt,900.0,172.0
DH-59948-54756,David Hernandez,632.0,106.0
SA-38157-64488,Steven Arnold,1609.0,348.0
JT-75838-17601,Jamie Taylor,6952.0,1143.0
KW-43937-25631,Kathy Ward,1184.0,184.0
AH-45391-92303,Alexandra Harris,439.0,33.0
LH-82118-24010,Logan Holland,281.0,84.0
EM-54786-71615,Erik Mitchell,8051.0,1176.0
DM-92848-28978,David Martin,9316.0,1535.0
PN-39511-57997,Phillip Nelson,1198.0,188.0
DM-45343-98704,Drew Moses,13040.0,2548.0
DH-66359-58415,Dawn Hall,1438.0,275.0
PM-80567-29521,Paula Martinez,176.0,37.0
JL-82679-36853,John Lucas,226.0,24.0
BS-77099-44746,Brandi Strong,351.0,20.0
EC-53344-29263,Eric Campbell,3618.0,217.0
PW-38531-38258,Patricia Wu,1699.0,277.0
WP-79609-78888,Whitney Parker,342.0,72.0
MT-40472-45295,Megan Torres,548.0,109.0
MR-14767-12826,Michelle Reynolds,1103.0,163.0
BS-46344-71958,Beth Sanchez,254.0,33.0
SC-49069-45883,Sara Costa,124.0,14.0
JB-17029-46777,Johnny Bean,439.0,90.0
WF-93431-75945,Wanda Fernandez,10416.0,1737.0
KA-78076-99145,Kevin Anderson,13440.0,2139.0
KR-27154-25026,Kevin Ramirez,4381.0,693.0
JH-25513-75063,Justin Hernandez,5239.0,879.0
AG-39608-21005,Andrea Gray,740.0,128.0
AM-80226-21593,Anthony Mills,3844.0,672.0
GB-63327-15875,Gregory Blake,882.0,172.0
AN-88843-72305,Angela Nguyen,12825.0,2155.0
LN-94157-92652,Linda Novak,302.0,38.0
KW-75333-71209,Kimberly Wright,514.0,90.0
RM-33771-83002,Roy Mcgee,130.0,22.0
GW-96078-19843,Gabriel Walker,572.0,85.0
IB-31088-68120,Ian Bailey,1316.0,221.0
AJ-13479-32101,Alexandra Jennings,13354.0,2044.0
LJ-81013-11451,Lisa Jenkins,250.0,13.0
JM-51068-60640,Jacob Martinez,1792.0,328.0
SR-82986-71654,Shane Rodriguez,479.0,80.0
CC-91613-64136,Clifford Castillo,345.0,94.0
TC-84444-16474,Timothy Cannon,2523.0,491.0
DB-76290-88534,Dawn Burgess,1048.0,146.0
MF-79210-86852,Miguel Fernandez,621.0,102.0
AP-87139-98614,Amy Paul,10474.0,1510.0
OC-33571-65632,Oscar Carpenter,8521.0,2300.0
GM-21823-10610,Gary Mcdaniel,974.0,136.0
JT-34755-63246,Jacob Tate,1315.0,195.0
MN-52115-74613,Michael Newman,1489.0,186.0
JC-59883-80809,Jessica Carpenter,6185.0,593.0
JG-48581-16280,Jennifer Garcia,1300.0,192.0
CC-14782-83884,Crystal Contreras,782.0,166.0
BB-43054-29769,Brittany Brown,8520.0,1594.0
JC-42352-57055,Johnny Cooper,479.0,34.0
DP-62084-91377,Debbie Perez,1074.0,185.0
JR-92882-68986,Jennifer Ross,355.0,38.0
JO-64410-46514,Jerome Owen,699.0,155.0
LS-49985-89046,Larry Sanchez,1048.0,190.0
MG-49128-59302,Michael Graham,14459.0,1952.0
DM-62469-57299,Denise Miller,929.0,188.0
KT-92040-72526,Katherine Thomas,7930.0,1234.0
MR-25757-39269,Mary Rodriguez,1145.0,180.0
AB-22604-75111,Allison Brown,4962.0,1139.0
CD-88008-75550,Christopher Davis,328.0,88.0
CA-81301-19934,Chase Allen,276.0,27.0
JB-57784-12020,Jennifer Bonilla,7967.0,1923.0
JF-18963-45363,Jesse Floyd,1815.0,258.0
DR-62926-20797,David Reeves,7949.0,1438.0
DE-94349-89276,Darin Elliott,631.0,91.0
BR-45435-90877,Bonnie Romero,1516.0,165.0
CC-20718-43378,Cheryl Clark,566.0,114.0
ER-80114-39768,Eric Rodriguez,7796.0,1892.0
ZB-83742-11064,Zoe Brown,2695.0,546.0
FR-75713-38389,Frank Rodriguez,1091.0,64.0
MW-19113-71878,Michael Wright,87.0,18.0
AC-74002-34629,Andrew Castro,1762.0,294.0
LM-19976-30058,Lisa Miller,136.0,10.0
JT-13878-94643,Jennifer Taylor,2531.0,513.0
JR-18986-45813,Joseph Ramirez,455.0,31.0
JM-76195-87795,Joseph Miles,6129.0,1029.0
AP-33258-59445,Amber Peterson,1659.0,180.0
CD-54262-31846,Clinton Johnson DDS,1797.0,323.0
RM-56655-62592,Robert Mcdaniel,8589.0,1432.0
PO-53789-77555,Paige Obrien,1409.0,272.0
AB-53570-66946,Allison Butler,8885.0,1348.0
SM-14620-59577,Sheila Moore,146.0,13.0
CR-84473-20607,Cameron Ray,10408.0,1901.0
MY-45276-41152,Michael Young,872.0,240.0
MD-71730-89776,Mrs. Mary Dean,827.0,175.0
AM-65961-31993,Ashley Moore,696.0,175.0
MM-49297-10752,Mackenzie Olsen MD,364.0,80.0
RP-47519-77317,Rebecca Parker,6738.0,1101.0
BC-68040-17803,Brooke Coleman,4813.0,987.0
MG-92465-82172,Matthew Gardner,2396.0,433.0
PC-21462-97180,Patricia Chung,1094.0,155.0
SM-12769-80681,Shelby Mcdonald,6871.0,1377.0
JM-22949-59720,Jonathan Miller,384.0,73.0
MD-92862-23915,Margaret Reeves DDS,370.0,28.0
SR-61290-30665,Stanley Rodriguez,8406.0,1506.0
JM-25589-10483,Justin Mcclure,1554.0,161.0
ZB-44750-47433,Zachary Bailey,3421.0,474.0
TS-99153-28301,Timothy Smith,309.0,71.0
KC-28526-47824,Karl Campbell,1174.0,342.0
RW-88534-38310,Ryan Williams,756.0,220.0
CH-28265-70098,Christine Hammond,11548.0,2022.0
RH-32415-17920,Ryan Huber,870.0,114.0
TW-75850-92134,Tonya Winters,8105.0,1436.0
MW-29424-90508,Mr. Andrew Williams,227.0,12.0
SB-39225-58294,Spencer Benson,1755.0,277.0
LK-41828-95144,Leslie Kidd,8482.0,1312.0
CW-35873-91427,Cynthia Williams,9529.0,1357.0
CS-42132-85214,Christopher Sanders,434.0,126.0
RS-15479-19885,Richard Smith,1163.0,313.0
JW-22453-52363,Johnny Wright,11494.0,1607.0
SO-48653-73500,Steven Osborne,1794.0,317.0
DM-63283-38552,Daniel Maynard,9130.0,1658.0
DR-37417-30170,Danny Rios,1287.0,313.0
DP-27022-44656,Dustin Petersen,1290.0,171.0
HM-91729-86961,Haley Murray,239.0,61.0
VD-18500-34364,Valerie Daniels,733.0,70.0
TB-60090-20592,Tina Barton,411.0,40.0
JC-12356-91864,Javier Cooper,453.0,120.0
MW-28576-26341,Mark Williams,1214.0,129.0
MJ-15282-65409,Mrs. Jessica Johnson,1445.0,244.0
LH-47610-66382,Lawrence Harrison,1173.0,146.0
TW-95684-63519,Tracy Willis,135.0,31.0
AC-55221-66595,Ashlee Coleman,1937.0,343.0
CR-99160-39564,Chelsea Roberson,483.0,67.0
JO-43168-82156,Joy Orozco,425.0,109.0
MG-50803-78418,Michael Garcia,8665.0,1592.0
TC-43757-83098,Todd Christian,835.0,167.0
CB-24506-94840,Cassandra Brown,1047.0,101.0
SR-82792-79106,Scott Rodriguez,398.0,94.0
MB-47640-59670,Michelle Bartlett,985.0,170.0
TM-42457-46953,Tracey Morales,3986.0,934.0
AC-54910-15285,Ariel Campbell,595.0,91.0
EW-20095-69826,Erik Weaver,125.0,16.0
DS-68571-85366,Daniel Solis,348.0,63.0
TS-53760-27359,Thomas Sexton,702.0,88.0
RS-98604-40037,Rachel Sexton,99.0,28.0
WL-59020-97810,William Lee,9754.0,2249.0
CS-60580-58930,Christine Sandoval,545.0,122.0
BL-97949-86505,Brandon Lee,181.0,33.0
ED-57387-77765,Elizabeth Stuart DDS,251.0,73.0
JC-37903-83390,Jill Cooper,1303.0,251.0
JK-39594-84433,James Kane,9174.0,2264.0
GC-49243-58531,Gavin Calderon,806.0,158.0
MJ-34913-26295,Michael Johnson,8585.0,1432.0
EE-26534-87028,Eric Edwards,8045.0,1142.0
JL-68278-94431,Joshua Lewis,4629.0,788.0
KG-20509-53924,Kevin Gonzales,18335.0,3107.0
AH-88317-75094,Alexis Hall,430.0,50.0
SM-98153-44295,Susan Mitchell,689.0,85.0
HL-82621-15727,Heather Lane,1734.0,205.0
MR-21917-20258,Madeline Reynolds,99.0,12.0
LJ-87945-81972,Lori Jones,2666.0,389.0
AS-15520-38837,Angela Smith,4600.0,700.0
GM-72594-35798,Gerald Mahoney,350.0,18.0
SA-57901-98718,Steven Anderson,415.0,111.0
VM-27837-68284,Victoria Moore,17305.0,3549.0
MB-35609-56601,Mary Brown,2042.0,312.0
RC-86697-48936,Rebecca Case,2051.0,301.0
MJ-24473-67030,Melissa Johnson,138.0,13.0
TC-74509-21996,Tina Cabrera,1451.0,303.0
AL-67319-31785,Aimee Lee,7072.0,1088.0
NH-15997-32552,Nicole Henderson,4672.0,846.0
JH-39063-80222,Jordan Hurley,685.0,144.0
MP-79771-53812,Mr. Zachary Bowman PhD,1024.0,121.0
HG-87368-43236,Hannah Glover,442.0,117.0
DM-31311-26356,Deanna Moore,174.0,31.0
RG-83000-73590,Robert Gilbert,705.0,105.0
EW-69591-40659,Erik White,173.0,45.0
DP-78788-96915,David Patton,1718.0,350.0
SR-82241-83572,Samantha Rogers,154.0,33.0
CT-84452-51116,Christopher Torres,1339.0,281.0
KM-97806-42306,Kristen Mcfarland,357.0,52.0
PD-26424-36364,Paula Dalton,477.0,56.0
CS-60731-85411,Christopher Sparks,10461.0,1690.0
CM-18333-27352,Caroline Meyer,1087.0,146.0
JJ-15347-45837,Julia James,935.0,84.0
NA-64867-57925,Nancy Armstrong,1586.0,383.0
PJ-52747-11504,Paige Jackson,113.0,29.0
JG-33837-79866,Justin Greene,406.0,70.0
AA-89314-34914,Amy Adams,8803.0,1702.0
LM-57575-10172,Linda Wong MD,671.0,77.0
TR-17523-27263,Taylor Ritter,891.0,93.0
LF-89412-55524,Lisa Fernandez,430.0,126.0
JM-79959-67600,Janet Montgomery,416.0,58.0
TG-91731-55290,Trevor Gonzales,2166.0,297.0
CR-12058-17323,Corey Ramirez,937.0,265.0
JG-35615-38338,Jose Goodwin,9531.0,2738.0
JS-49170-86018,Jordan Swanson,8097.0,1472.0
MH-24781-79876,Mike Hayden,98.0,18.0
SA-20557-63779,Scott Adams,923.0,192.0
DS-14568-78004,Desiree Smith,1295.0,224.0
MR-24075-31747,Melvin Richardson,4156.0,726.0
DD-22272-31647,Deborah Davis,8642.0,1669.0
JS-45871-32342,Jasmine Sawyer,1425.0,183.0
CM-10920-34865,Corey Moore,1626.0,226.0
RM-71641-67003,Rachel Moore,61.0,17.0
SL-95311-64719,Shannon Lynch,714.0,124.0
RB-56437-92397,Ryan Brown,7334.0,1522.0
CH-75125-67429,Christopher Hoffman,618.0,116.0
JL-59485-95144,Jennifer Lopez,10993.0,2136.0
JC-54307-53848,Justin Carroll,11018.0,1748.0
AF-36591-20112,Ashley Ferguson,710.0,96.0
IL-18493-53039,Isaac Lyons,114.0,9.0
MD-69742-49830,Maria Kane DDS,492.0,37.0
LW-28254-80806,Lisa Walker,191.0,44.0
MJ-65761-53206,Melissa Johnson,7964.0,1471.0
JC-23475-49026,James Cook,393.0,76.0
MG-97929-23346,Mr. Shawn Gibbs,900.0,90.0
CL-19765-15457,Curtis Lutz,376.0,88.0
WG-27221-80371,William Garcia,7635.0,1376.0
ME-71371-83386,Mr. Rodney Evans,8643.0,1337.0
JK-49419-29046,John King,568.0,132.0
NJ-22510-54080,Natasha Jackson,1136.0,116.0
NT-32303-97439,Nicole Todd,803.0,222.0
TC-74382-75752,Theresa Collier,1012.0,155.0
MD-21969-50954,Mrs. Melanie Richardson DDS,2025.0,371.0
JR-22280-31728,Jennifer Richardson,516.0,81.0
SR-47948-32537,Sarah Robinson,6862.0,1320.0
SR-70716-49962,Shane Rhodes,740.0,109.0
AM-25472-69566,Angela Miles,934.0,110.0
AD-14175-50331,Andrew Diaz,10471.0,1707.0
AB-73768-11629,Angela Benitez,724.0,192.0
KG-44499-74729,Kenneth Gonzalez,1383.0,226.0
HM-54233-81544,Heather Miranda,1796.0,263.0
MR-95004-79465,Monique Rasmussen,960.0,194.0
JW-12515-88178,Jenna Wagner,814.0,158.0
LB-71114-46153,Larry Butler,254.0,58.0
MG-52005-45946,Matthew Gibson,9759.0,1508.0
KA-22510-75482,Kelly Anderson,10821.0,1994.0
RB-18904-42471,Robert Brown,21431.0,3717.0
MP-66118-27028,Melissa Perry,129.0,20.0
RM-60986-25876,Raymond Marshall,2290.0,420.0
CC-57862-68392,Cassandra Cross,15115.0,2835.0
DJ-37338-10088,Dr. Dustin Johnson Jr.,1368.0,305.0
RE-31220-10307,Ryan Escobar,272.0,19.0
DH-89254-72490,Dylan Holder,565.0,91.0
TS-39489-29539,Tami Simmons,83.0,17.0
AD-94265-19435,Amanda Davis,693.0,161.0
FF-52499-61581,Frank Francis,654.0,152.0
TN-17993-49670,Taylor Nelson,9590.0,1721.0
DJ-75046-67662,David Jones,321.0,40.0
DO-55220-19512,David Olsen,869.0,131.0
AN-80128-25000,Alexandra Nguyen,11728.0,2541.0
JF-62610-69303,Jessica Fisher,18070.0,2188.0
JK-33107-77780,James Kelly,2544.0,307.0
ST-72714-54983,Scott Taylor,235.0,51.0
GL-23979-77232,Gina Logan,651.0,63.0
LL-93516-39324,Luke Lewis,676.0,75.0
HP-31259-38383,Heidi Peterson,69.0,12.0
BD-70848-62192,Brandon Dunn,491.0,77.0
TH-20134-69811,Taylor Hernandez,1314.0,93.0
BR-62520-25734,Brittany Robinson,675.0,83.0
DD-10441-44883,Dr. Christian Bautista DDS,5893.0,999.0
JS-71997-43442,Jesse Smith,2451.0,316.0
KR-68142-80498,Katherine Raymond,772.0,135.0
PS-77017-11138,Pam Stewart,2011.0,319.0
PD-58759-35871,Patrick Dunn,1392.0,218.0
CC-20856-17313,Cody Cox,8662.0,1580.0
MV-38745-62088,Michael Vaughn,499.0,142.0
LJ-60633-84331,Lisa Jackson,10490.0,1822.0
JP-31297-80482,Jeanette Parsons,6721.0,919.0
EG-97033-89211,Elizabeth Garrison,737.0,110.0
AH-60602-37104,Aaron Hatfield,312.0,57.0
LW-53200-79553,Leon Wilson,170.0,18.0
AJ-88258-55532,Aaron James,1019.0,178.0
JN-80429-45512,Jennifer Nash,610.0,123.0
AF-53825-39230,Abigail Farley,531.0,125.0
BN-63799-25901,Brian Nguyen,8469.0,1630.0
GB-39523-73816,Gregory Burnett,330.0,66.0
MO-24178-78333,Matthew Owens,1127.0,190.0
AH-45442-17482,Andrew Hughes,441.0,65.0
CB-25879-61700,Cindy Baker,17445.0,3816.0
WR-33265-52922,William Roberts,343.0,46.0
AW-12542-95135,Alisha Williams,1974.0,381.0
AT-89317-71064,Andrew Turner,9595.0,1418.0
SM-11172-97232,Shelby Martin,1431.0,250.0
AN-42949-12278,Anne Newman,2292.0,480.0
CA-57082-14919,Carolyn Anderson,446.0,43.0
JD-96087-34634,Jennifer Davis,1365.0,272.0
MR-19053-52357,Marcus Reed,924.0,106.0
BH-85756-38865,Brianna Hill,467.0,81.0
MC-29194-12427,Melissa Clark,10167.0,1917.0
MN-18456-28403,Michael Nelson,870.0,159.0
KC-56870-24346,Kevin Carter,1270.0,116.0
SB-49150-58200,Susan Bailey,6826.0,1244.0
IC-97794-18307,Ian Campbell,657.0,81.0
JW-35529-56409,Jessica White,459.0,126.0
KC-28184-41608,Kyle Curtis,539.0,109.0
CL-10394-97108,Cameron Little,1104.0,312.0
TW-21681-66497,Tonya Wood,71.0,5.0
SG-63345-61005,Stephanie Green,8747.0,2286.0
CA-94587-61238,Chase Alvarez,1019.0,194.0
RJ-61404-29502,Russell Jimenez,16244.0,3053.0
JH-86009-23217,Jasmine Hicks,24194.0,3159.0
AM-89887-69101,Amanda Morgan,698.0,138.0
JN-65906-65871,Justin Norman,2668.0,425.0
AW-11646-11880,April Williams,209.0,53.0
RR-24808-85105,Rachel Ramirez,366.0,103.0
RD-68809-33608,Rodney Dean,1504.0,396.0
KH-51683-83777,Kenneth Holt,635.0,125.0
MM-84323-35029,Mariah Merritt,12473.0,2317.0
MC-39301-23668,Mr. Oscar Charles,6487.0,1312.0
CP-90945-10872,Courtney Phillips,678.0,139.0
SR-74458-88605,Stephen Rosario,1087.0,204.0
MS-18687-76869,Michael Smith,2079.0,356.0
AF-23981-28946,Alison Ford,1497.0,262.0
JW-57644-67027,Jill Wood,742.0,97.0
AC-45170-68573,Amber Casey,276.0,39.0
JK-21147-86975,Jonathan Koch,486.0,134.0
JD-41924-42995,Johnny Dixon,10159.0,1840.0
CL-17332-56550,Clayton Landry,16403.0,3588.0
LH-66378-95872,Lisa Hardin,1482.0,329.0
LL-33678-54199,Laura Lopez,3650.0,560.0
JJ-84597-73336,Jacqueline Johnson,10356.0,2041.0
MG-41556-85669,Margaret Gilbert,296.0,70.0
KD-91938-98672,Kirk Davis,1296.0,177.0
MR-56821-77731,Mr. Shane Robinson,7037.0,1001.0
MO-22418-33554,Martin Oliver,2705.0,430.0
BC-47130-74843,Brian Clark,877.0,162.0
WA-41030-20756,Wayne Adams,926.0,123.0
HL-49162-64719,Heidi Lopez,10656.0,1824.0
ZH-95022-22752,Zachary Howard,490.0,124.0
GW-75379-72686,Glenn Wilkerson,53.0,7.0
LS-44977-65785,Leah Schultz,1079.0,125.0
BM-79852-43907,Brenda Mcfarland,14819.0,2799.0
LH-61523-28006,Larry Hart,961.0,95.0
KG-89297-40256,Kent Good,425.0,71.0
TA-46102-19475,Terry Allen,496.0,70.0
AN-65036-34713,Anne Nash,11190.0,1988.0
NB-73393-83169,Nathan Ballard,596.0,100.0
RB-41472-35862,Richard Brown,11123.0,2789.0
MJ-59701-65660,Michael Jackson,7372.0,1140.0
SR-38687-59827,Stephanie Reid,61.0,8.0
MF-21708-44086,Michael Franklin,1554.0,233.0
LV-46605-26679,Leah Vincent,1063.0,298.0
BW-62691-90199,Beth Wilson,4003.0,604.0
SS-11175-65402,Stephen Smith,2954.0,506.0
LS-96857-56336,Lori Sanchez,484.0,66.0
BE-47303-26244,Bradley Elliott,8763.0,1297.0
MS-48684-18679,Molly Salinas,1076.0,181.0
CB-94517-10809,Cassandra Boyd,9160.0,1423.0
MC-14522-50675,Michael Cook,489.0,140.0
DL-15634-66095,Deanna Lawrence,13331.0,3047.0
SH-81863-48976,Sherry Hicks,218.0,37.0
SD-95519-81305,Summer Dominguez,226.0,16.0
SR-95189-53659,Sean Rivera,9758.0,1662.0
MG-99737-78886,Marcus Graham,557.0,128.0
KG-46590-34127,Kayla Green,257.0,59.0
JH-89734-78434,Jeffrey Henderson,371.0,100.0
JT-37527-28123,Jesus Tate,8119.0,1586.0
AG-98149-78129,Amanda Garcia,849.0,211.0
CC-27404-36000,Christina Cruz,1135.0,247.0
TC-23265-14786,Travis Cole,1438.0,192.0
SB-76283-45712,Shawn Barrera,980.0,189.0
WK-93586-17640,William Klein,393.0,21.0
NI-27812-50027,Nicholas Kelly II,6437.0,1113.0
MP-59567-93862,Michael Peterson,682.0,182.0
RS-63628-95295,Rebecca Schmidt,578.0,134.0
DB-21978-39484,Donald Bennett,1549.0,418.0
NB-72046-27430,Nicole Bentley,1534.0,329.0
SD-91165-21272,Steven Dodson,1180.0,185.0
RP-25302-55643,Ryan Parker,790.0,156.0
DC-76638-50445,David Copeland,2254.0,529.0
HG-77221-36350,Hailey Gonzalez,371.0,43.0
MP-77451-70268,Mark Parsons,140.0,39.0
RJ-43781-10798,Robert Jordan,413.0,46.0
AT-37058-63655,Andrew Taylor,758.0,104.0
WA-95960-27981,Willie Aguirre,155.0,35.0
MD-46710-42349,Mrs. Lisa Davis,426.0,21.0
AO-31789-99769,Ashlee Oconnell,493.0,74.0
DT-80855-29636,Dawn Torres,639.0,181.0
JJ-71024-66727,Julie Johnston,214.0,54.0
JM-31632-39830,Joel Mccarthy,6868.0,1150.0
KB-14749-20967,Kathleen Brown,11580.0,2656.0
RR-31390-87654,Rachel Rose,878.0,132.0
JO-75313-64926,Jennifer Obrien,274.0,49.0
JJ-52055-82507,Joy Jackson,2894.0,404.0
EM-88124-96860,Eric Maxwell,1347.0,193.0
RB-96903-78065,Robert Burch,428.0,73.0
PP-10259-52968,Pamela Perry,683.0,145.0
KC-45382-91242,Kimberly Colon,10115.0,1903.0
LB-52364-83889,Luis Barron,1106.0,249.0
MJ-23483-41792,Michael Jones,18125.0,3741.0
DJ-53499-45752,David Johnson,2597.0,575.0
EB-36704-28114,Eric Bond,934.0,145.0
AM-27767-50339,Adam Mathews,1293.0,202.0
MQ-61001-27523,Melissa Quinn,1057.0,154.0
RC-94799-96234,Rachel Cooper,2570.0,500.0
SA-31560-87088,Stacy Avila,547.0,55.0
TT-58416-25825,Tracy Taylor,8555.0,1445.0
RM-85603-87462,Rhonda Mckinney,7086.0,1171.0
DM-41374-86239,Deanna Moore,739.0,114.0
CS-77061-55092,Christopher Sherman,494.0,80.0
DG-89287-79571,Dana Graham,462.0,86.0
RS-73133-25011,Rachael Sellers,11828.0,1213.0
SH-69024-22510,Sergio Hernandez,600.0,90.0
WN-87613-12870,William Nolan,3990.0,769.0
AN-80744-70897,Andrea Nguyen,3184.0,533.0
AA-97935-70969,Amy Anderson,1777.0,291.0
KF-18700-48652,Kimberly Flores,263.0,18.0
KB-29874-28482,Karen Buchanan,9101.0,1107.0
MM-62070-48250,Melinda Matthews,445.0,63.0
JK-11956-33594,Jill Kim,16398.0,3151.0
CG-96706-24181,Collin Greer,792.0,153.0
YG-61996-55972,Yolanda Garcia,2297.0,374.0
KW-34764-61607,Kimberly White,580.0,100.0
KB-32575-69547,Kyle Baxter,1459.0,203.0
ST-41874-21526,Stacie Thomas,788.0,77.0
MB-79528-32236,Martin Butler,1483.0,381.0
MD-89751-56866,Michael Davidson,2348.0,237.0
JS-31250-77464,Joseph Salazar,123.0,27.0
AG-96641-58364,Adam Gregory,435.0,84.0
TK-69765-44917,Timothy King,9189.0,1518.0
EJ-98658-28716,Elizabeth Jones,340.0,60.0
KC-98563-96702,Kaitlin Carpenter,929.0,152.0
DD-12715-10621,Dr. Cindy Dawson,6119.0,1053.0
CQ-87761-76887,Cory Quinn,1604.0,109.0
SH-21787-92657,Sandra Howard,584.0,73.0
DV-64580-60632,Dale Valencia,890.0,124.0
RW-13780-69218,Russell Wilkinson,13214.0,2530.0
JG-65119-17762,Jeff Grant,255.0,24.0
MR-63024-65292,Micheal Roberts,962.0,93.0
DT-90052-76160,Douglas Thompson,10146.0,1751.0
SL-70897-86656,Sharon Lewis,624.0,109.0
JB-47957-86179,Julie Benitez,707.0,95.0
MW-74042-50058,Marcus Warren,487.0,108.0
RW-60127-72635,Raymond White,4151.0,605.0
KA-29336-47749,Kristina Arnold,747.0,120.0
PR-24643-86049,Penny Rodriguez,448.0,95.0
MG-87433-65503,Michael Gomez,4920.0,1153.0
GW-91760-82773,Gregory Walsh,595.0,93.0
TG-67489-44577,Tina Graves,9590.0,1572.0
MC-60233-27520,Mrs. Deborah Chambers,6346.0,973.0
MM-36566-93203,Michael Miller,15576.0,2000.0
TB-66697-73700,Tammy Brown,2360.0,404.0
CS-84919-89092,Christine Sampson,1425.0,284.0
CL-21561-22788,Christopher Lopez,2416.0,328.0
JB-10024-91780,Jimmy Blackburn,393.0,100.0
AC-27161-88973,Amber Cook,730.0,117.0
SK-10153-20704,Samuel Kelley,851.0,207.0
SM-19334-87083,Shawn Mooney,161.0,14.0
AD-67673-58795,Aaron Liu DDS,1140.0,206.0
TM-66713-70160,Thomas Murray,1108.0,106.0
CH-29777-19145,Christina Hebert,6682.0,1337.0
EH-93813-49491,Elizabeth Hunter,528.0,155.0
JP-54389-50928,John Perry,7989.0,1364.0
DM-25504-14082,Diana Macdonald,986.0,120.0
GM-19904-26136,Gerald Marquez,190.0,47.0
MM-17522-16990,Madison Miller,860.0,196.0
JD-75127-82586,Jacob Day,25312.0,4993.0
DR-35923-32376,Donna Reeves,164.0,19.0
JL-63411-65674,Jennifer Lin,1362.0,283.0
RP-59155-26212,Robert Powell,8381.0,1368.0
AA-69941-68005,Ashley Adams,747.0,87.0
TS-99542-25638,Teresa Stanley,12664.0,2575.0
AN-82659-85128,Ashley Novak,1187.0,264.0
YL-31508-91425,Yolanda Lopez,7062.0,1193.0
JB-19085-50151,Jocelyn Bailey,220.0,55.0
SC-77015-73147,Sherry Costa,826.0,155.0
KB-29535-57281,Kyle Brown,121.0,10.0
KM-72700-17301,Keith Mcguire,344.0,99.0
RT-73436-24387,Rebecca Taylor,714.0,179.0
GK-62568-65622,Gloria Knox,441.0,52.0
BP-32500-10760,Brittany Palmer,887.0,102.0
AM-25118-29593,Anthony Martinez,720.0,126.0
JL-87777-88796,Joshua Larson,362.0,62.0
MG-26185-26504,Michael Graham,1028.0,176.0
GR-83125-23962,Gina Rivers,296.0,18.0
MB-98506-87846,Margaret Bowen,597.0,131.0
SP-66068-98070,Samantha Ponce,199.0,21.0
JT-33685-86297,Joan Tucker,873.0,180.0
DM-41466-36890,Dawn Martinez,1638.0,203.0
JC-71851-75256,Juan Clements,1373.0,195.0
BD-79851-76004,Barbara Dunn DDS,2789.0,633.0
JC-37568-23913,Jordan Clark,223.0,13.0
DL-25952-55676,David Lozano,767.0,154.0
SJ-59999-94957,Steven Jefferson,470.0,86.0
JG-97598-88874,Jennifer Gardner,1410.0,334.0
KG-65637-89641,Kathleen Green,181.0,49.0
LC-62401-22350,Luke Clark,1084.0,112.0
WD-73178-30358,William Collins DDS,727.0,116.0
MR-83055-61202,Manuel Robbins,9906.0,1959.0
GM-53538-14009,Gina Mcdowell,1598.0,81.0
RR-54786-55442,Robert Rich,2272.0,396.0
AJ-20838-81939,Aaron Jackson,200.0,22.0
JW-74814-77675,Jennifer Wong,7506.0,1383.0
CC-84248-59936,Carlos Cabrera,900.0,235.0
DC-87893-47038,Desiree Cooke,2207.0,549.0
TH-83575-42215,Tony Hernandez,1164.0,226.0
TG-69970-59581,Tammy Guzman,486.0,143.0
SL-69492-10682,Stephanie Logan,22844.0,4691.0
EW-99635-79890,Emma White,905.0,149.0
CC-45470-34584,Courtney Chandler,408.0,53.0
SC-37652-46894,Stephen Colon,865.0,136.0
JB-36266-39592,James Burton,462.0,79.0
MS-26668-41466,Melissa Stewart,1064.0,167.0
JS-78171-53356,Jeremy Spencer,431.0,107.0
RH-79898-34251,Rebecca Hahn,1037.0,234.0
MN-36910-36057,Michael Nelson,912.0,137.0
DR-72222-67812,Danny Ross,1161.0,222.0
EM-82950-70495,Elizabeth Miller,1509.0,310.0
JR-54597-77164,Jesus Richards,8208.0,1610.0
GH-39039-53626,Gabriel Hernandez,688.0,98.0
JY-40638-87008,Jack Young,1900.0,371.0
PO-70441-48773,Pamela Owens,256.0,45.0
SH-34540-17753,Susan Howard,822.0,142.0
KE-51327-35587,Kyle Evans,2189.0,276.0
JG-30794-36710,Jessica Green,762.0,60.0
KM-77384-39184,Kimberly Medina,3871.0,796.0
SB-10111-28787,Shaun Brewer,7946.0,1554.0
CM-57526-45730,Christopher Mcfarland,501.0,59.0
DB-10579-74124,Daniel Burton,4806.0,961.0
MM-96570-89542,Mary Montoya,1939.0,380.0
MK-98160-57552,Mathew Knight,638.0,126.0
RH-49973-38386,Ricky Harrison,473.0,69.0
NH-32343-54685,Nicole Higgins,1689.0,398.0
SC-51614-66661,Sharon Carroll,11190.0,2023.0
VM-72921-29726,Victoria Mora,6770.0,494.0
ST-49691-84034,Samuel Thomas,1261.0,180.0
CE-10827-23981,Christopher Ellis,53.0,10.0
JF-40380-34184,Jennifer Foley,311.0,20.0
KB-97271-53002,Keith Blevins,739.0,143.0
LL-77242-75351,Leah Lopez,717.0,158.0
MB-56032-15726,Michael Barnett,8982.0,1788.0
LH-85647-30320,Lisa Hubbard,498.0,56.0
RJ-47686-48317,Ronald Jones,1293.0,268.0
JP-42953-70197,Jared Park,8163.0,1239.0
AS-93842-48687,Amanda Simmons,12267.0,2269.0
SM-90667-99085,Sherry Mckay,748.0,132.0
NB-37844-29672,Nicholas Burke,310.0,74.0
KD-84654-99931,Kristen Davis,7610.0,1350.0
JH-82541-51141,Joshua Hernandez,213.0,44.0
SM-70131-20941,Stephen Moses,197.0,11.0
LS-30027-39777,Lisa Savage,832.0,168.0
BS-73324-87573,Barbara Stevens,1183.0,206.0
LW-20663-57435,Lauren Williamson,9802.0,1639.0
MA-85902-76909,Michael Anderson,913.0,218.0
AW-23360-42920,Ashley Wilson,802.0,117.0
RO-90132-98044,Raymond Oliver,918.0,193.0
JM-57542-92820,Joshua May,780.0,55.0
BE-34136-86255,Brian Erickson,211.0,31.0
VJ-59000-65084,Valerie Juarez,3006.0,812.0
KM-97283-61241,Kristina Morton,1499.0,327.0
AW-31591-29279,Andrew Williams,1189.0,238.0
JW-76361-71395,John White,920.0,114.0
EM-17729-90709,Evan Mayo,5563.0,1196.0
SA-59595-59563,Sarah Abbott,650.0,81.0
SJ-91315-40790,Samantha Jackson,1219.0,135.0
IV-44702-63811,Ian Vasquez,5712.0,1088.0
BB-39396-25230,Brad Bernard,2181.0,484.0
MT-55446-77033,Marissa Thomas,3083.0,332.0
MB-71391-41281,Mr. Charles Brown,298.0,84.0
SF-36242-38937,Samuel Franklin,11928.0,1002.0
MT-27351-91437,Melissa Turner,460.0,90.0
MH-14014-98334,Mary Harrison,544.0,51.0
LD-88964-35716,Laura Dillon,15096.0,2096.0
BM-11469-97522,Brianna Marks,647.0,68.0
BT-27254-66358,Betty Tapia,989.0,166.0
MC-18874-18729,Madeline Cervantes,2164.0,373.0
SM-96505-65264,Sarah Martinez,302.0,64.0
ST-93837-87094,Samantha Torres,891.0,202.0
SB-58733-52601,Spencer Brown,10976.0,2658.0
SM-82338-65750,Stacy Mitchell,926.0,122.0
RJ-46378-61996,Robert Jordan,17717.0,3760.0
SR-17770-44988,Scott Rivera,672.0,178.0
CL-76295-24797,Charles Lane,1113.0,171.0
AS-72444-62716,Amy Soto,1025.0,223.0
KG-27176-58694,Kelly Garrett,459.0,91.0
VD-64845-30287,Victor Donaldson,418.0,50.0
JW-35050-25186,Jessica White,1356.0,228.0
SG-77046-28868,Stephanie Gonzales,247.0,15.0
KJ-56840-92216,Kenneth Jennings,847.0,78.0
JL-94900-91866,Janet Long,218.0,31.0
TG-58766-93384,Todd Gonzalez,17325.0,2793.0
DM-31127-22614,Dr. Tara Mason,888.0,226.0
SH-15971-84341,Stacey Hernandez,15998.0,3397.0
SS-37655-75107,Stephen Smith,401.0,109.0
DF-18544-27264,David Ford,361.0,69.0
LW-89020-61295,Linda Williams,4357.0,914.0
RH-44006-93432,Rebecca Huber,13097.0,1278.0
CS-75524-88129,Catherine Schmidt,227.0,21.0
HM-30036-73520,Heather Moore,1392.0,287.0
BD-88693-31417,Barry Delacruz,128.0,23.0
RH-23932-93557,Ryan Hahn,122.0,17.0
PD-42547-18393,Patricia Silva DVM,793.0,144.0
CM-62926-19080,Christian Morgan,302.0,67.0
SP-92969-91668,Steven Porter,874.0,125.0
JH-57598-28511,Jill Hill,545.0,119.0
SB-20626-17169,Sharon Burnett,766.0,135.0
RM-45145-78354,Robert Mccall,149.0,36.0
MB-89662-82240,Mr. Justin Banks,202.0,11.0
DJ-53750-12278,Dr. Destiny Jacobson,2636.0,304.0
WC-15030-78449,William Camacho,712.0,166.0
JC-70758-36484,Jennifer Cruz,94.0,24.0
HH-40955-91816,Holly Huber,589.0,114.0
CM-31883-26716,Christopher Miller,603.0,172.0
AD-52398-13876,Alexandra Daniel,724.0,86.0
DR-43621-59854,Dominique Reeves,753.0,95.0
JN-50685-81990,Jamie Nelson,945.0,235.0
SS-19817-49710,Sandra Smith,1444.0,336.0
DD-84333-21515,Dustin Dixon,163.0,47.0
AJ-26637-44548,Ashley Jones,1211.0,205.0
RB-33556-57362,Raymond Bruce,1221.0,283.0
FC-38231-39807,Francisco Cervantes,2291.0,361.0
FS-97300-17918,Frances Scott,481.0,73.0
BH-22017-94717,Bryan Herrera,1280.0,266.0
JW-35744-74799,Jonathan Walton,1074.0,160.0
KE-88798-30400,Kathy Ellis,600.0,78.0
LD-27203-61177,Lisa Diaz,196.0,47.0
DP-44680-94742,David Phillips,733.0,140.0
MJ-56418-25248,Melissa Jones,330.0,72.0
CH-44727-87901,Caleb Hayes,1030.0,159.0
CH-52761-32101,Carmen Huffman,16394.0,2243.0
HW-29110-48886,Heather Wright,374.0,73.0
RS-49810-73793,Ryan Sullivan,628.0,76.0
ME-52233-16329,Michael Espinoza,843.0,186.0
CP-23307-45288,Casey Palmer,971.0,165.0
TC-87983-20704,Timothy Chapman,10569.0,1936.0
RJ-34753-30965,Rebekah Johnson,13137.0,2169.0
GG-28030-47196,Gregory Gomez,830.0,161.0
MJ-90971-85933,Mr. Spencer Edwards Jr.,1903.0,301.0
SJ-24419-77675,Samantha Johnson,11483.0,2276.0
DA-40191-85419,Duane Allen,776.0,138.0
CA-49992-60270,Christian Andrade,4651.0,760.0
GR-74135-80212,George Rich,1210.0,64.0
SW-35426-52857,Steven Williams,693.0,105.0
AJ-24256-82100,Anthony Johnson,430.0,82.0
ZP-24258-89038,Zachary Parker,840.0,100.0
DM-83148-91501,Debra Meyer,822.0,193.0
KF-57975-19109,Karen Flores,137.0,23.0
SR-68800-34878,Steven Riley,960.0,185.0
DA-53417-37364,Deborah Atkinson,383.0,42.0
DM-64321-55904,Debra Estrada MD,199.0,12.0
JO-51415-27554,Jason Ortega,1460.0,233.0
JG-91309-95881,Jared Gibson,2403.0,366.0
JM-10925-55645,Joseph Mills,3950.0,735.0
LT-98224-48960,Laura Thomas,165.0,16.0
SW-90878-47642,Shane Williams,12920.0,2425.0
RL-56916-57999,Robert Lynn,11018.0,2700.0
CM-14145-59735,Chelsea Molina,692.0,157.0
AS-38953-70064,Antonio Serrano,262.0,38.0
SC-50157-87397,Stephanie Cook,316.0,36.0
WC-81678-65054,William Cunningham,283.0,28.0
SB-69123-96009,Steven Blair,993.0,194.0
JL-32697-99037,Joshua Long,213.0,18.0
EG-42657-55414,Eric Griffin,3096.0,447.0
JM-59627-74056,Jason Murphy,1055.0,132.0
MC-34074-98621,Megan Coleman,358.0,35.0
RR-46116-42096,Robert Russo,445.0,57.0
WC-25058-12830,William Caldwell,913.0,135.0
JL-10398-17766,Jonathan Lucas,1493.0,281.0
SA-70189-98529,Shawn Alvarez,145.0,27.0
JM-94298-47852,James Montgomery,626.0,65.0
MA-77814-91750,Micheal Anderson,1059.0,227.0
DM-15219-55605,Daniel Madden,185.0,13.0
JM-88676-30231,Jessica Montgomery,2057.0,502.0
TW-35916-32877,Tyler Wilson,31188.0,4366.0
AR-78302-94077,Angela Roberson,9481.0,1890.0
LB-46669-70386,Laura Bauer,820.0,189.0
MC-41122-36348,Mikayla Carlson,373.0,83.0
JG-91313-19675,Jesus Gonzales,850.0,167.0
PS-50111-45382,Patrick Spencer,339.0,90.0
JK-83198-29332,Justin Kaiser,436.0,75.0
DJ-97382-69446,Daniel Jenkins,12855.0,2617.0
MT-83385-85193,Mackenzie Thompson,579.0,94.0
CM-52536-98358,Christina Mason,1128.0,204.0
DH-49578-43681,Dawn Howard,1710.0,325.0
DM-17896-57867,Daniel Morrow,478.0,109.0
NF-85665-60328,Nicole Fowler,377.0,67.0
KF-60150-67699,Kristina Fowler,11432.0,1757.0
HW-41928-81054,Hector Wood,1557.0,207.0
YE-42333-77512,Yolanda Escobar,410.0,42.0
SB-64450-11394,Sarah Barker,7451.0,1508.0
BW-80897-64335,Bruce Wilson,873.0,140.0
TB-30518-17805,Thomas Beasley,437.0,83.0
CS-25582-43489,Curtis Smith,55.0,6.0
DS-87283-88983,Dr. Jennifer Simon,351.0,23.0
NW-94517-48014,Nicholas West,636.0,113.0
EW-46098-73679,Eugene Woodward,1173.0,154.0
SR-70063-65978,Samuel Rivera,1033.0,132.0
KH-77305-36553,Krista Houston,1494.0,371.0
MH-44131-54390,Michelle Holmes,201.0,41.0
JH-65544-49146,Joshua Hardin,632.0,122.0
WS-48802-95206,William Smith,1341.0,183.0
ME-64055-83637,Marie Ewing,932.0,109.0
TD-85776-18395,Taylor Daniels,4318.0,754.0
HM-24302-98574,Henry Meadows,8453.0,1410.0
AC-61985-17140,Anthony Carroll,1634.0,125.0
JD-45928-55672,Jake Williams DVM,1143.0,232.0
SP-59543-90092,Sarah Perry,116.0,21.0
TT-87009-44740,Timothy Torres,961.0,266.0
MW-63174-48618,Michele Walker,271.0,71.0
AW-81419-45069,Adrian Willis,658.0,58.0
MJ-52591-45256,Matthew Jacobson,1187.0,247.0
SH-24096-10922,Shannon Henderson,416.0,49.0
BA-78464-15923,Brian Alexander,172.0,43.0
HJ-72553-77078,Harold Forbes Jr.,17600.0,2345.0
MS-72731-43860,Megan Serrano,867.0,191.0
TD-53428-56348,Troy Drake,9285.0,1648.0
AP-95975-38111,Adam Perez,522.0,63.0
SM-94780-28315,Shannon Mcgrath,294.0,81.0
MC-75695-97369,Michael Collins,1646.0,316.0
RM-44634-88204,Ricky Mendez,480.0,31.0
DS-32583-86038,Dillon Schultz,891.0,159.0
TK-16422-34271,Tricia Kennedy,624.0,143.0
SG-66892-97040,Stephanie Garrett,726.0,182.0
WM-51713-15348,William Davis MD,505.0,80.0
BA-65016-68976,Barbara Arroyo,2132.0,392.0
CG-20951-24294,Chad Griffith,437.0,34.0
AW-76172-52050,Amanda Webb,262.0,50.0
DF-77607-52707,David Figueroa,432.0,101.0
SR-22937-72448,Stacey Rodriguez,290.0,80.0
KD-37163-28699,Kenneth Davidson,409.0,87.0
RH-10927-21981,Ruben Hodges,257.0,13.0
GL-61414-68077,Gina Lee,435.0,47.0
RR-84932-52509,Roberto Roberts,243.0,49.0
KP-53221-66914,Kenneth Palmer,1900.0,208.0
AG-66686-25368,Alex Gardner,7254.0,1169.0
JF-76737-42033,Janice Fletcher,463.0,123.0
PB-41565-70380,Paul Benjamin,532.0,45.0
KJ-71043-71962,Katrina Johnson,8907.0,1421.0
DR-67205-36249,Donald Roth,1300.0,205.0
MM-12932-65227,Michelle Mora,915.0,130.0
JE-83575-87460,Jessica Evans,9537.0,1838.0
JH-79379-84553,Jesse Hall,137.0,23.0
JB-47722-52204,James Baker,868.0,156.0
MP-61643-35160,Mark Payne,12834.0,1948.0
SF-39928-44986,Sheila Floyd,329.0,93.0
JR-49402-57697,Jeremy Roberts,2186.0,439.0
CR-32371-71956,Christine Rubio,895.0,220.0
TV-42587-54088,Terry Villegas,149.0,27.0
EW-11104-59332,Eric Wilson,158.0,44.0
MH-14741-80202,Meghan Hayden,1097.0,126.0
KM-22656-54241,Kaitlin Martin,1040.0,183.0
AW-96611-23185,Annette Watson,1614.0,286.0
MR-14811-37257,Michael Rivera,113.0,7.0
RH-75027-33064,Randy Holden,317.0,45.0
JL-29181-81811,Jessica Lopez,924.0,160.0
TM-98502-55000,Tiffany Mitchell,290.0,64.0
CF-35120-15726,Christopher Fox,4847.0,825.0
CC-46428-38377,Corey Carey,1341.0,169.0
SB-47758-93808,Stacy Barrett,305.0,47.0
JS-73568-88924,Joseph Sanford,300.0,48.0
MW-15506-58867,Melvin Wright,223.0,35.0
NL-66735-91859,Nicholas Lopez,236.0,54.0
DS-24876-61636,David Smith,114.0,11.0
WL-95152-80820,William Livingston,704.0,86.0
WW-99300-97710,Willie Ward,713.0,156.0
HR-38645-15655,Harold Romero,723.0,111.0
AM-39052-29741,Adam Mills,159.0,9.0
ST-61714-47728,Shaun Trevino,246.0,64.0
TN-69813-98777,Terri Nguyen,634.0,97.0
EM-88754-77938,Erik Moore,9022.0,1403.0
JB-30757-51154,James Boone,14128.0,2373.0
MJ-83570-42308,Mark Jenkins,268.0,34.0
JG-69557-56607,Jenny Graham,849.0,111.0
JC-59583-64700,Jeremy Craig,1680.0,281.0
KH-14828-12146,Kylie Heath,461.0,48.0
SP-95433-12824,Sarah Pittman,1721.0,360.0
MC-35488-88002,Melissa Collier,1101.0,208.0
NW-33063-23789,Norman Williams,10654.0,1945.0
AR-32173-51791,Andrew Ryan,647.0,157.0
SG-17517-82056,Steven Galloway,297.0,29.0
SC-37547-89798,Sarah Carter,17355.0,3479.0
SW-36972-96929,Susan Williams,1685.0,267.0
SM-22527-81265,Suzanne Munoz,4045.0,735.0
JJ-26211-46218,Jonathan Jones,1617.0,427.0
JL-24387-63861,Jason Lopez,1061.0,290.0
PW-50142-85445,Patrick Williams,974.0,169.0
CS-35029-62618,Clarence Smith,375.0,60.0
LS-53094-53875,Lauren Strickland,1147.0,243.0
RL-18229-14137,Richard Lee,6738.0,1331.0
MB-53547-85925,Michael Burch,9581.0,1552.0
JL-43516-63456,John Lowe,1566.0,309.0
MH-32598-47464,Melissa Harris,511.0,142.0
EM-77760-81708,Eric Morrison,1457.0,250.0
WV-82008-20232,Wanda Valencia,300.0,30.0
TB-30031-44592,Tamara Brown,2169.0,601.0
NL-64192-85026,Nathan Lopez,14418.0,2610.0
TJ-74573-26380,Tracie Jimenez,354.0,74.0
SR-24087-77390,Steven Robbins,581.0,127.0
JH-64612-71614,Jennifer Howard,1224.0,169.0
EG-65627-90595,Elizabeth Gonzales,369.0,85.0
SH-65565-46494,Stacey Harrison,1288.0,250.0
KS-29099-14604,Kyle Sexton,1707.0,228.0
JK-28919-75036,Julie Koch,239.0,44.0
AB-16339-99083,Ashley Braun,9768.0,1174.0
JC-16694-13660,Jonathan Clark,1001.0,85.0
JJ-13489-24791,Jacqueline Jordan,406.0,84.0
FM-74149-74400,Francisco Maxwell,9543.0,1893.0
DD-44816-41211,Daniel Davis,17593.0,4070.0
MA-42157-29196,Melissa Aguirre,537.0,110.0
GH-29141-25247,Gregory Hancock,315.0,43.0
RG-27161-14618,Russell Gates,144.0,18.0
AH-20608-17497,Adam Hill,496.0,127.0
TB-96165-91602,Todd Brown,1855.0,420.0
BP-56052-15135,Benjamin Pena,1368.0,225.0
NM-37240-10353,Natalie Mathis,312.0,69.0
CB-16380-59733,Christopher Boone,465.0,95.0
SP-78844-69175,Sara Potter,404.0,101.0
NH-21730-35709,Natalie Hanson,443.0,68.0
SJ-67159-68475,Shari Jones,831.0,227.0
RB-19174-41098,Rachel Best,803.0,55.0
PP-59430-78577,Patricia Pacheco,10066.0,1682.0
WP-45184-69897,Walter Price PhD,291.0,27.0
TJ-78526-33920,Tabitha Jones,698.0,84.0
MW-71078-32669,Melissa Wright,1609.0,229.0
SB-78076-87944,Suzanne Black,1015.0,233.0
GJ-82990-33560,Greg Johnson,707.0,163.0
MM-95348-73875,Michelle Mcdonald,343.0,70.0
LG-69310-28321,Lisa Gutierrez,15324.0,2630.0
CP-69080-97472,Cassandra Peck,762.0,150.0
MG-41916-54165,Michelle Garcia,730.0,50.0
RG-51545-12324,Ricky Garcia,980.0,107.0
JH-90600-26327,John Harris,6437.0,958.0
MR-86286-83773,Michael Ross,826.0,177.0
JA-91233-81718,Joshua Andrade,234.0,37.0
SS-88627-83417,Samantha Smith,10355.0,1631.0
RB-39372-44223,Rachel Bryant,1797.0,272.0
MH-51426-33673,Mark Harper,322.0,65.0
BD-36906-34671,Barbara Williams DDS,1224.0,105.0
DK-93780-76946,David Keith,2910.0,384.0
MC-21186-82091,Mackenzie Coleman,55.0,14.0
DC-89946-72375,Donald Crawford,101.0,14.0
KR-56135-15972,Kimberly Reed,10552.0,1967.0
EC-83796-50539,Erica Cummings,590.0,108.0
KB-77954-37645,Katrina Banks,478.0,113.0
RF-75765-42532,Renee Floyd,184.0,30.0
LG-71351-67692,Lindsey Gonzalez,982.0,128.0
RG-56055-69909,Riley Gallagher,94.0,21.0
TM-68209-31071,Tabitha Montoya,947.0,206.0
EV-77701-27563,Emily Vasquez,1505.0,310.0
JK-28711-20436,James King,376.0,62.0
SC-80116-23932,Stephanie Cummings,93.0,20.0
WP-71510-12834,Wendy Pacheco,353.0,45.0
JF-33173-72504,John Foster,521.0,101.0
SD-24320-13693,Stacy Wiggins DDS,2039.0,341.0
MB-99817-58017,Monica Burke,2270.0,368.0
DM-87220-17281,Diana Mendoza,451.0,109.0
DG-52185-23567,Douglas Green,307.0,52.0
AS-62848-56336,Arthur Sims,885.0,205.0
JS-68648-16929,Joshua Stevens,6898.0,1194.0
CR-75052-25416,Charles Romero,6743.0,1260.0
SR-19244-80459,Savannah Rodriguez,492.0,79.0
CR-33868-50006,Cindy Rice,421.0,45.0
RH-69888-42322,Ronald Holt,1417.0,301.0
SW-19256-64423,Scott Wilson,132.0,7.0
EH-36893-26262,Ernest Hester,1770.0,394.0
BM-78264-77912,Becky Miller,9444.0,1433.0
CC-92304-16443,Cynthia Cooper,1948.0,295.0
BR-67446-55113,Barbara Reyes,4765.0,771.0
BS-53292-69056,Brenda Shaffer,295.0,53.0
JD-51694-76946,Jason Dean,390.0,55.0
DB-74437-37918,Diane Barr,906.0,152.0
RW-32376-43188,Randall Williams,145.0,9.0
JF-41820-56903,Jaime Fisher,579.0,71.0
NS-16020-48873,Nicholas Solis,1202.0,244.0
DC-61215-20364,Danielle Cole,14570.0,2674.0
BB-26894-71612,Benjamin Burns,14715.0,2147.0
AC-54211-91884,Anita Cunningham,578.0,96.0
AM-74896-97274,Alexandra Montgomery,381.0,62.0
RS-31991-61944,Richard Smith,1034.0,228.0
JT-14579-50914,Jennifer Thompson,487.0,57.0
EC-64146-83046,Edward Carpenter,630.0,79.0
AC-70734-50156,Adrian Chan,958.0,96.0
PW-26825-40033,Paul Wallace,544.0,129.0
JP-46437-57066,Joshua Pitts,418.0,48.0
GM-47166-36460,Gabriella Mcmahon,201.0,47.0
EP-10614-48937,Erin Peterson,222.0,28.0
RE-14554-42253,Rachel Evans,417.0,74.0
JH-90883-14291,James Howard,10537.0,1949.0
CP-94980-76838,Crystal Parker,156.0,30.0
ER-75206-34578,Eric Reyes,955.0,173.0
MF-98244-46416,Miranda Foster,172.0,20.0
MS-99362-66760,Mario Schmidt,481.0,40.0
SK-74553-62733,Sara Keith,685.0,121.0
KH-12787-63779,Kimberly Hamilton,150.0,16.0
JM-89303-84083,Joshua Mcdowell,414.0,117.0
JW-79365-11946,Joshua Wilson,2096.0,267.0
SH-99505-31234,Sarah Hanson,759.0,165.0
AF-29551-70636,Adam Flores,1495.0,195.0
WT-10311-68902,Wanda Thomas,1847.0,385.0
JB-38456-96495,Joshua Byrd,2514.0,169.0
AF-66688-66894,Annette Fitzgerald,1644.0,279.0
JG-98528-25866,Jeremiah Garrett,866.0,195.0
JM-22283-98429,Jackson Martin,1326.0,238.0
CC-98793-49329,Christopher Cohen,267.0,50.0
CA-79062-54824,Crystal Arnold,11712.0,1927.0
PC-75149-29577,Patrick Castro,6629.0,1031.0
SH-58013-22242,Sherry Henderson,1646.0,240.0
PM-35755-42913,Paul Miles,330.0,47.0
ML-92660-65024,Michael Lindsey,326.0,56.0
AM-69970-66814,Angela Moore,359.0,98.0
EP-94140-18948,Eugene Pace,165.0,27.0
BC-21479-72570,Breanna Cook,1448.0,301.0
CH-19046-49365,Cheryl Holloway,9338.0,1752.0
TB-49084-76931,Taylor Baker,289.0,54.0
MB-97904-16686,Melissa Ball,994.0,215.0
DP-82022-62593,Dakota Campbell PhD,17875.0,2425.0
JM-32608-95285,James Mccoy,759.0,135.0
CW-18069-19689,Connor Whitehead,1522.0,203.0
JS-64792-62874,John Scott,6517.0,975.0
JH-26226-93020,Judith Higgins,579.0,100.0
JM-33271-50578,Jenny Marquez,849.0,157.0
DR-49040-90843,Dr. Michael Robinson,338.0,52.0
TH-33790-25061,Timothy Harris,719.0,149.0
CM-14275-40996,Christopher Morgan,336.0,37.0
BB-36779-81447,Brooke Beck,10129.0,1898.0
BD-73166-86953,Breanna Dixon,385.0,51.0
AB-49280-28956,Anthony Bridges,6528.0,841.0
CB-29262-33457,Christopher Brown,5741.0,773.0
KL-68929-15108,Katherine Li,134.0,19.0
MC-56334-49440,Maria Clark,865.0,212.0
JH-38318-90198,Jessica Hill,1866.0,466.0
JH-81634-88516,Julie Hernandez,11399.0,1769.0
CE-70056-67723,Christopher Evans,210.0,52.0
GS-42942-86463,Gary Smith,520.0,95.0
MR-59354-15889,Mark Reese,493.0,36.0
JA-82378-88817,Johnny Atkins,1476.0,163.0
JF-93709-94441,Jacob Fowler,2040.0,415.0
JR-69050-99946,Joshua Robinson,7802.0,1643.0
MM-66679-18459,Mark Myers,347.0,100.0
AG-99720-59653,Anthony Gordon,18162.0,2665.0
JC-37065-64944,Juan Carroll,8557.0,1550.0
JD-70833-10221,Juan Davis,511.0,107.0
AP-71937-40154,Alexis Pratt,280.0,46.0
DD-20016-92570,Dawn Burton DDS,737.0,115.0
HC-57088-77028,Henry Collins,192.0,29.0
JT-95819-24642,Jeremy Torres,2287.0,454.0
JW-24749-58173,James Wilson,196.0,29.0
AG-30370-77104,Ashley Garcia,2405.0,348.0
PJ-75122-37781,Pamela Jordan,561.0,139.0
VV-82888-22812,Veronica Vaughan,1830.0,392.0
AW-96345-73568,Alexandria Williams,55.0,9.0
KR-91780-26462,Keith Rodriguez,923.0,189.0
MH-67351-41966,Michael Harrell,889.0,135.0
DG-58614-27265,Dr. Gene Gutierrez,616.0,105.0
CL-71916-87699,Christina Long,213.0,30.0
RF-17304-59302,Ryan Freeman,2071.0,337.0
DR-11939-98727,Daniel Rodriguez,14899.0,3255.0
TC-99094-57950,Tiffany Clark,1154.0,201.0
AW-88139-17526,Alan Wells,384.0,96.0
RL-68531-66869,Regina Lopez,432.0,89.0
KG-66068-23161,Kevin Goodwin,298.0,36.0
JD-11148-15726,Joseph Davis,6162.0,972.0
VU-66454-95817,Veronica Underwood,486.0,49.0
HW-48708-41544,Heather White,836.0,124.0
ML-89029-59499,Mary Li,586.0,103.0
SJ-23881-73994,Scott Johnson,1602.0,315.0
JM-17143-70223,Jacob Monroe,439.0,92.0
JH-40100-94677,Jonathan Hunt,473.0,107.0
AM-37083-52462,Andrea Miller,244.0,71.0
AL-96267-30770,Angela Liu,1453.0,278.0
ME-94174-64988,Michael Everett,1251.0,261.0
DP-20332-96800,Deborah Pratt,1979.0,365.0
KM-25727-69664,Kayla Moss,1172.0,198.0
AB-55726-84942,Amy Bryant,9739.0,1860.0
SR-68574-35380,Susan Richardson,8431.0,1535.0
TC-92078-17134,Timothy Cobb,9394.0,1940.0
TW-88279-66340,Thomas Walker,2387.0,310.0
GC-81634-46186,Gina Cochran,699.0,139.0
KN-35409-24847,Karen Newman,345.0,93.0
JS-55434-70054,Jeffrey Schroeder,2181.0,514.0
MO-42212-31634,Matthew Owens,710.0,86.0
RA-68011-53614,Renee Adams,976.0,100.0
MG-52269-55732,Matthew Gregory,557.0,93.0
AR-38737-95957,Ana Robertson,6902.0,1109.0
JL-13036-86997,Jacob Lewis,734.0,65.0
PB-49433-70968,Patrick Boyer,8808.0,1711.0
AK-70386-43610,Angel Krueger,1986.0,422.0
GT-53284-13994,Gregory Taylor,348.0,28.0
WB-55236-25613,Wayne Bryan,7396.0,1179.0
MR-74317-52341,Melanie Reid,216.0,46.0
CW-23011-14149,Claire Ward,948.0,152.0
JL-98824-16141,Jodi Lucas,901.0,195.0
CJ-10014-79867,Cassandra Jackson,1725.0,110.0
DL-84945-83113,Danielle Luna,80.0,17.0
RB-59680-14286,Ronald Boyd,575.0,37.0
JH-92248-28007,James Hull,2456.0,473.0
MA-97530-10615,Melissa Acosta,6553.0,1150.0
TB-51077-56305,Tina Brooks,1125.0,207.0
HS-75351-15550,Heather Santana,675.0,114.0
MM-34376-88055,Manuel Martinez,8650.0,1489.0
CF-67500-71028,Carrie Freeman,1067.0,216.0
NA-26585-91290,Nicole Alvarez,2688.0,510.0
RM-74006-21125,Rhonda Mitchell,1909.0,221.0
BS-93551-71298,Barbara Smith,1844.0,428.0
EM-55456-63571,Eileen Moore,464.0,49.0
WM-98732-73222,Wesley Martinez,409.0,66.0
AM-98576-93134,Amber Massey,241.0,18.0
AD-86300-18191,Adam David,300.0,55.0
AA-92450-60137,Amy Archer,18301.0,3730.0
HR-77774-49208,Harold Riddle,19505.0,4047.0
DC-56463-69842,Daniel Carpenter,8195.0,1573.0
AF-29238-43966,Ashley Ford,9001.0,1536.0
CR-49233-62043,Christian Ray,10899.0,1733.0
MP-31947-67670,Michael Perry,1729.0,404.0
RC-17630-78573,Richard Coleman,1773.0,400.0
JC-58859-22912,Jeremiah Campbell,2175.0,619.0
KA-31904-68509,Kristopher Allen,1373.0,221.0
WL-47216-56617,William Lopez,569.0,106.0
BM-83141-68137,Betty Martinez,153.0,41.0
LP-90974-77378,Laura Peters,938.0,203.0
MG-78643-48347,Mark Gilbert,7494.0,1201.0
MB-42303-92666,Melissa Burnett,18856.0,3930.0
CJ-96028-15649,Charles Jordan,558.0,95.0
ZG-76959-21037,Zachary Green,401.0,45.0
EB-61825-38732,Erik Barr,833.0,109.0
IT-80256-21402,Ian Todd,116.0,16.0
GL-13444-66713,Gary Lopez,422.0,86.0
CG-49171-96676,Chad Gonzalez,352.0,67.0
JJ-60990-20772,Jeffrey Jackson,13219.0,2151.0
DS-42120-17614,David Strong,7516.0,1239.0
DE-97926-75279,David Evans,781.0,130.0
SW-89503-30469,Stephen Wheeler,90.0,26.0
TM-44771-37179,Tiffany Maldonado,785.0,105.0
JW-10730-92998,Joseph Weber,1598.0,175.0
TS-56765-70567,Tara Sherman,6165.0,1154.0
DL-11570-81781,Dylan Larson,439.0,32.0
JH-24619-18376,Joseph Hernandez,8493.0,1562.0
TL-40264-63097,Theodore Lopez,649.0,147.0
JB-26265-78404,Jonathan Benjamin,456.0,54.0
MC-75532-27852,Mary Carter,984.0,231.0
RS-74187-41565,Rachael Steele,862.0,198.0
JS-33838-59998,Jonathan Smith,222.0,42.0
CW-58852-71981,Christopher Watson,142.0,22.0
SK-97021-64700,Stephen Key,320.0,54.0
AS-53121-65191,Angela Smith,848.0,166.0
SD-99110-45867,Shawn Davis,1543.0,320.0
BN-84109-40355,Bryan Nicholson,264.0,36.0
KD-75392-91941,Keith Martin DDS,740.0,149.0
AM-95153-74206,Adam Mitchell,117.0,10.0
AS-27557-45658,Anne Sanchez,79.0,14.0
VL-59167-30780,Victor Lutz,796.0,154.0
GC-93130-49349,George Clark,466.0,114.0
BP-60104-73863,Bonnie Parker,865.0,177.0
JA-94205-20829,Jacqueline Anderson,433.0,74.0
MD-74282-10915,Mary Delgado,10918.0,1610.0
CP-87930-52158,Christopher Peterson,16278.0,2026.0
BH-95459-22007,Bethany Harrison,1226.0,203.0
SC-44065-15045,Stephanie Collier,932.0,80.0
DB-55980-92517,Debbie Baker,1249.0,123.0
KW-60127-64674,Kristen Walker,497.0,84.0
DS-45340-73204,Diana Sellers,1783.0,270.0
LG-31771-83134,Lauren Garcia,87.0,26.0
TM-34130-69168,Timothy Morales,340.0,101.0
BC-41459-44638,Brandy Cook,1328.0,168.0
ER-76831-98756,Erica Rogers,1818.0,199.0
KG-83505-51193,Kristine Gillespie,387.0,33.0
JC-28874-92474,Jill Campbell,253.0,63.0
AB-17424-47993,Alicia Brown,542.0,97.0
OH-88135-49787,Oscar Hart,2035.0,437.0
DW-86007-68022,Dr. Andrew Warner,966.0,201.0
MK-79036-32245,Mark King,9851.0,1486.0
EH-28607-81595,Emily House,908.0,186.0
EA-60917-11405,Elizabeth Adams,6748.0,1175.0
RC-64529-67088,Robert Castillo,1434.0,187.0
JM-12485-17301,James Morris,495.0,107.0
ML-75196-75838,Mr. Lucas Liu,1435.0,343.0
AC-11041-36215,Andrew Campbell,2942.0,643.0
AS-69640-29636,Alan Suarez,5829.0,1161.0
MW-25121-28290,Marcia Wright,404.0,104.0
BW-26091-14895,Brandy Williams,648.0,96.0
MH-71360-60504,Mary Hall,5158.0,1110.0
JF-34058-64266,Joseph Forbes,3486.0,511.0
ME-57985-54228,Matthew Estrada,820.0,193.0
BP-88756-29166,Brandon Powell,529.0,90.0
ER-65560-61190,Erin Rodriguez,1225.0,275.0
DM-10434-47882,Dominique Mcguire,2303.0,318.0
CR-45349-24076,Christian Reed,1193.0,263.0
KT-48785-86898,Kristi Thompson,1868.0,313.0
DL-33151-86698,Debra Lewis,635.0,86.0
SJ-88180-42830,Steven James,867.0,132.0
MM-99900-76466,Michael Murray,2123.0,407.0
PW-31494-15794,Paul Williams,727.0,107.0
DC-44791-69114,Daniel Cannon,447.0,85.0
KR-33578-71503,Karen Reynolds,1326.0,189.0
SS-46162-42668,Stephanie Sims,355.0,47.0
MR-48286-82983,Marissa Russell,1407.0,231.0
ST-70247-60775,Steven Thomas,553.0,112.0
MS-72994-51285,Mary Smith,21767.0,3916.0
NS-13950-38171,Nicholas Scott,550.0,134.0
JO-84208-47344,Jimmy Obrien,2987.0,353.0
AR-33101-65680,Amanda Rodgers,532.0,152.0
EK-61333-61448,Erin Kennedy,1782.0,352.0
JA-69477-93929,Joshua Allen,779.0,146.0
VS-38951-38925,Vanessa Smith,335.0,70.0
GJ-57442-76844,Glenn Jimenez,2156.0,441.0
VP-90514-83644,Victoria Patrick,907.0,215.0
DR-16004-89586,Daniel Rivera,802.0,78.0
RS-47326-47252,Robert Scott,387.0,113.0
BO-30654-77217,Brad Odom,683.0,112.0
EJ-40010-13474,Emily Joseph,83.0,14.0
CW-38792-50420,Christopher Ward,5177.0,1047.0
AA-81524-21268,Amy Aguilar,818.0,150.0
AF-25953-27418,Angela Farrell,11636.0,819.0
MR-85395-26477,Mary Robinson,13339.0,2550.0
PR-95936-45448,Philip Robinson,1342.0,94.0
LB-66071-65099,Lisa Bradshaw,602.0,98.0
FB-29508-61361,Frank Briggs,773.0,114.0
AL-88000-21007,Albert Lewis,562.0,68.0
AP-17940-30995,Amy Phillips,293.0,66.0
MM-23916-31464,Michael Miller,106.0,25.0
KL-14471-57487,Kim Leonard,762.0,118.0
EH-19502-41708,Emily Holt,7155.0,1428.0
KD-29758-40953,Kyle Cardenas DVM,7025.0,1202.0
EA-67328-86239,Emily Anderson,8502.0,1543.0
CR-94217-13355,Crystal Rodgers,353.0,60.0
DP-24257-10699,Deanna Padilla,2366.0,310.0
MH-47963-94851,Mary Hinton,10212.0,1896.0
AP-90769-88672,Aaron Pineda,1086.0,206.0
DW-23425-12578,Derek Wilson,1137.0,171.0
KT-28739-17874,Kevin Torres,8658.0,1673.0
JM-94950-70219,Joel Maxwell,474.0,74.0
JR-54942-81303,Jordan Rogers,602.0,157.0
CP-31184-78446,Courtney Pacheco,5659.0,1194.0
JS-60792-38175,John Short,857.0,166.0
VH-60045-43236,Victoria Hall,560.0,47.0
CS-29243-20348,Chad Stuart,1117.0,166.0
LC-71289-48036,Lisa Coleman,208.0,16.0
CW-46438-10610,Charles Wilson,945.0,175.0
SW-27965-71986,Scott Weiss,295.0,79.0
TK-66296-55655,Taylor Knight,551.0,129.0
DB-42057-87971,David Barton,281.0,82.0
EL-71922-62103,Eric Lopez,10178.0,2158.0
TE-19980-50786,Tiffany Escobar,942.0,149.0
MH-28392-26343,Michelle Harding,717.0,87.0
MR-12025-18571,Manuel Roberts,470.0,69.0
EW-38056-62970,Ebony Wilson,10688.0,1876.0
TB-92519-82637,Travis Bryant,133.0,28.0
JR-27876-82478,Jason Rivera,1339.0,289.0
CR-96489-75348,Christopher Rios,213.0,26.0
MJ-96965-65773,Mary Jones,7719.0,1176.0
AH-49111-60895,Andrew Huber,1312.0,258.0
JC-57986-22367,Joshua Coleman,821.0,115.0
